vehicle_id,vehicle_type,model_name,capacity_kg,max_range_km,avg_speed_kmph,hub_code,purchase_date,odometer_km,fleet_status,driver_id,battery_capacity_wh,last_service_date,insurance_expiry,ownership
VEH-0001,Drone,Tamira-879,1.4,16.6,54,HUB-GUR,17-12-2021,62287.3,In Service,,5660.0,10-07-2024,23-01-2025,3PL Partner
VEH-0002,Drone,Tamira-998,2.8,10.5,51,HUB-NAG,26-06-2019,228496.0,Maintenance,,5154.0,2024-07-09 00:00:00,21-06-2024,Leased
VEH-0003,Drone,Nexon-730,5.8,22.7,60,HUB-JAI,26-05-2023,56173.9,under maintenance,,6978.0,16-06-2025,20-09-2024,Owned
VEH-0004,Drone,Tamira-332,5.4,10.7,57,HUB-JAI,2021-06-03 00:00:00,62245.1,Idle,,3879.0,01-05-2025,16-12-2024,Owned
VEH-0005,Drone,Kaveri-271,5.3,14.9,59,HUB-DEL,31/12/2018 00:00,256229.3,under maintenance,,5856.0,26-01-2025,29-02-2024,Leased
VEH-0006,Drone,Nexon-364,1.9,14.5,53,HUB-AHM,27-08-2021,22487.6,Active,,7266.0,2025-06-20 00:00:00,22-12-2024,3PL Partner
VEH-0007,Drone,Aravind-179,4.3,13.6,52,HUB-KOL,2018-10-17 00:00:00,45274.2,active,,8744.0,19-04-2025,12-05-2024,3PL Partner
VEH-0008,Drone,Kaveri-893,3.9,8.8,53,HUB-CHA,11/10/2017 00:00,33216.5,under maintenance,,3060.0,2024-05-08 00:00:00,03-07-2024,3PL Partner
VEH-0009,Drone,Nexon-742,4300 g,29.0,51,HUB-NAG,14/07/2022 00:00,128423.7,active,,5519.0,20-01-2025,18-01-2025,Owned
VEH-0010,Drone,Zenith-423,2.8,11.5,49,HUB-GUW,2017-08-07 00:00:00,172981.4,ACTIVE,,4327.0,2025-01-10 00:00:00,16-11-2025,Owned
VEH-0011,Drone,Kaveri-475,1.8,25.1,61,HUB-MYS,29-07-2020,162387.1,Retired,,2016.0,06-01-2024,25-10-2023,Leased
VEH-0012,Drone,Nexon-390,5.4,15.6,51,HUB-MAD,2021-01-28 00:00:00,94117.3,Maintenance,,3346.0,11-02-2025,14-09-2024,3PL Partner
VEH-0013,Drone,Zenith-948,4.9,27.2,55,HUB-BEN,13/06/2021 00:00,73699.8,active,,5213.0,24-06-2024,01-01-2024,Owned
VEH-0014,Drone,Aravind-339,4.0,27.4,49,HUB-DEL,12/03/2020 00:00,213119.4,Idle,,2249.0,2024-08-06 00:00:00,28-02-2025,3PL Partner
VEH-0015,Drone,Kaveri-997,1.4,23.9,50,HUB-BEN,10/12/2022 00:00,241627.4,ACTIVE,,6755.0,28-03-2025,16-09-2024,3PL Partner
VEH-0016,Drone,Aravind-747,2.5,29.4,61,HUB-NAG,28-07-2023,17537.1,under maintenance,,3515.0,26-12-2024,28-11-2025,Owned
VEH-0017,Drone,Aravind-556,3.5,11.4,50,HUB-CHE,02/01/2019 00:00,213750.0,under maintenance,,4093.0,2024-10-11 00:00:00,30-11-2025,Owned
VEH-0018,Drone,Meridian-738,4.5,10.5,60,HUB-KOL,2020-09-27 00:00:00,257604.6,Active,,3835.0,25-07-2024,05-10-2024,3PL Partner
VEH-0019,Drone,Kaveri-173,4.8,26.4,59,HUB-DEL,27/09/2021 00:00,50055.6,Active,,8799.0,26-07-2024,14-02-2024,3PL Partner
VEH-0020,Drone,Zenith-123,2.3,23.0,61,HUB-NAG,09/02/2023 00:00,51766.8,In Service,,2705.0,18-01-2025,31-05-2025,Owned
VEH-0021,Drone,Aravind-818,1.0,13.9,61,HUB-PUN,07-07-2021,113228.6,active,,7857.0,24-01-2024,09-12-2024,Owned
VEH-0022,Drone,Aravind-380,3.3,20.2,60,HUB-COI,2022-04-15 00:00:00,205854.1,Retired,,3824.0,2024-09-17 00:00:00,21-01-2025,Leased
VEH-0023,Drone,UrbanCraft-104,4.8,16.4,54,HUB-GUR,25-10-2022,156177.2,Active,,3345.0,2024-06-22 00:00:00,17-02-2024,3PL Partner
VEH-0024,Drone,Tamira-456,1.5 kg,18.1,50,HUB-NAG,2019-09-11 00:00:00,-,Maintenance,,7321.0,2024-01-12 00:00:00,12-12-2024,Leased
VEH-0025,Drone,Kaveri-474,4000 g,14.7,61,HUB-DEL,03-01-2022,6542.5,ACTIVE,,6058.0,13-06-2024,27-03-2025,Owned
VEH-0026,Drone,Kaveri-527,5.5,25.3,51,HUB-BEN,2020-02-26 00:00:00,148140.7,Active,,3023.0,13-08-2024,03-05-2025,3PL Partner
VEH-0027,Drone,Tamira-801,2.5,11.2,52,HUB-GUR,30/11/2017 00:00,237861.7,Maintenance,,4207.0,11-03-2024,22-07-2025,Owned
VEH-0028,Drone,Nexon-299,1.2,10.2,57,HUB-LUC,11/03/2021 00:00,31384.3,Idle,,4745.0,04-10-2024,15-08-2025,Leased
VEH-0029,Drone,Nexon-945,4.1,25.2,50,HUB-GUR,03/07/2022 00:00,206510.5,Idle,,8465.0,27-06-2024,22-07-2025,Owned
VEH-0030,Drone,Vayu-798,3.4,8.4,57,HUB-PUN,22/04/2022 00:00,24815.1,In Service,,3132.0,15-05-2025,12-02-2024,3PL Partner
VEH-0031,Drone,Tamira-214,2.4,9.0,59,HUB-KOC,27-08-2018,89574.2,In Service,,7492.0,16-01-2024,09-02-2025,3PL Partner
VEH-0032,Drone,Meridian-527,3.4,15.4,52,HUB-PUN,16/09/2023 00:00,153768.6,Active,,3737.0,27-03-2025,13-05-2024,Leased
VEH-0033,Drone,Vayu-960,5.6,21.1,55,HUB-CHA,28/02/2020 00:00,37133.3,Idle,,2068.0,2024-04-16 00:00:00,02-10-2024,3PL Partner
VEH-0034,Drone,Zenith-172,5.7 kg,20.8,54,HUB-BHU,2021-03-18 00:00:00,8736.4,Active,,2240.0,2024-02-28 00:00:00,03-03-2025,Owned
VEH-0035,Drone,Nexon-430,2.9,23.7,59,HUB-BEN,2022-03-31 00:00:00,8889.3,active,,6058.0,26-04-2025,10-11-2024,Owned
VEH-0036,Drone,Vayu-775,2.8,9.0,50,HUB-GUW,05-09-2019,36059.3,Idle,,4985.0,20-05-2025,20-11-2024,3PL Partner
VEH-0037,Drone,Aravind-463,5.9,8.6,54,HUB-BHU,2019-06-05 00:00:00,228560.4,Maintenance,,3455.0,2024-03-07 00:00:00,17-10-2023,3PL Partner
VEH-0038,Drone,Zenith-351,1.1,29.9,52,HUB-GUW,01/08/2021 00:00,194339.4,active,,5447.0,2025-04-26 00:00:00,01-06-2024,Leased
VEH-0039,Drone,Nexon-817,4.8,14.8,51,HUB-HYD,26/12/2017 00:00,246189.7,Idle,,5623.0,2024-01-06 00:00:00,11-02-2024,Leased
VEH-0040,Drone,Nexon-357,3.0,19.3,61,HUB-BHU,14-06-2023,53150.9,active,,5601.0,2025-04-26 00:00:00,16-11-2024,Leased
VEH-0041,Drone,Aravind-410,1.6,8.0,50,HUB-HYD,01/02/2020 00:00,254025.3,Maintenance,,7405.0,2025-06-10 00:00:00,01-04-2024,3PL Partner
VEH-0042,Drone,UrbanCraft-471,1.2,23.5,60,HUB-GUW,29/10/2020 00:00,30137.5,Retired,,4724.0,2024-10-20 00:00:00,01-09-2025,Leased
VEH-0043,Drone,UrbanCraft-416,2.4,23.8,50,HUB-HYD,04/08/2017 00:00,220780.5,Maintenance,,4754.0,2024-12-21 00:00:00,19-04-2025,Leased
VEH-0044,Drone,Nexon-671,1.6,10.2,61,HUB-KOC,2022-08-20 00:00:00,6870.7,Retired,,8434.0,22-02-2025,25-06-2025,3PL Partner
VEH-0045,Drone,Nexon-465,4.2,17.7,61,HUB-GUW,06-10-2023,unknown,ACTIVE,,2568.0,2024-05-20 00:00:00,10-10-2024,3PL Partner
VEH-0046,Drone,Nexon-302,4.5,-8.6,53,HUB-HYD,2018-05-04 00:00:00,146805.7,ACTIVE,,5298.0,19-06-2025,06-10-2025,Owned
VEH-0047,Drone,Vayu-518,4.9,9.2,55,HUB-GUR,28-11-2020,237938.8,active,,7969.0,2024-05-04 00:00:00,06-03-2024,Leased
VEH-0048,drone,Vayu-253,1.9 kg,29.6,53,HUB-DEL,03-06-2022,29988.8,under maintenance,,4262.0,23-12-2024,06-07-2024,Owned
VEH-0049,Drone,Nexon-207,3.8,14.6,57,HUB-CHE,23-06-2023,25199.3,Idle,,5108.0,2024-05-02 00:00:00,01-02-2025,Owned
VEH-0050,Drone,Nexon-321,2.5,24.0,56,HUB-DEL,09/11/2021 00:00,57969.4,Retired,,4390.0,2024-08-15 00:00:00,20-01-2025,Owned
VEH-0051,Drone,Aravind-412,1.3,27.3,56,HUB-GUR,2021-06-21 00:00:00,123777.3,Maintenance,,4263.0,21-02-2024,07-09-2025,Leased
VEH-0052,Drone,Vayu-875,4.7KG,20.4,52,HUB-PUN,2019-12-08 00:00:00,103112.9,Idle,,2457.0,2024-10-08 00:00:00,03-08-2024,Leased
VEH-0053,Drone,Zenith-747,3.2KG,11.9,50,HUB-LUC,07/04/2022 00:00,32833.8,Active,,6259.0,2024-08-08 00:00:00,09-09-2024,Owned
VEH-0054,Drone,Tamira-357,3.5,9.8,61,HUB-GUW,2018-04-21 00:00:00,12878.0,active,,5262.0,2025-03-18 00:00:00,16-10-2023,Leased
VEH-0055,Drone,Aravind-910,1.5,9.8,56,HUB-KOC,16/12/2021 00:00,120206.2,Retired,,6449.0,2024-07-17 00:00:00,16-08-2024,3PL Partner
VEH-0056,Drone,Tamira-470,5.2,17.9,57,HUB-KOL,06/01/2020 00:00,149815.4,Idle,,4462.0,2024-07-02 00:00:00,21-12-2024,Leased
VEH-0057,Drone,Meridian-651,5.9,18.9,61,HUB-JAI,16/10/2021 00:00,34433.9,under maintenance,,2839.0,2024-03-05 00:00:00,02-01-2024,Leased
VEH-0058,Drone,Meridian-962,1.9,18.8,50,HUB-CHE,21-06-2023,53468.5,Active,,5443.0,2025-02-25 00:00:00,07-03-2025,Leased
VEH-0059,Drone,Zenith-402,3700 g,25.9,54,HUB-CHE,24-07-2017,56269.7,Retired,,8978.0,2024-11-09 00:00:00,02-02-2024,Leased
VEH-0060,Drone,Zenith-136,5.4 kg,23.6,55,HUB-CHA,2023-06-30 00:00:00,180356.7,ACTIVE,,3787.0,2024-01-15 00:00:00,06-11-2024,3PL Partner
VEH-0061,Drone,Kaveri-945,5.6,27.8,57,HUB-KOC,06-08-2022,7116.2,Idle,,2931.0,24-03-2024,19-07-2024,Owned
VEH-0062,Drone,Vayu-431,2.5,28.5,56,HUB-GUR,2019-02-27 00:00:00,231938.1,Maintenance,,2414.0,22-12-2024,07-04-2025,3PL Partner
VEH-0063,Drone,UrbanCraft-711,3.0,8.0,61,HUB-MUM,04/05/2018 00:00,64379.1,Idle,,8210.0,17-02-2025,15-12-2023,Owned
VEH-0064,Drone,Tamira-115,5.4,20.0,57,HUB-LUC,2018-02-13 00:00:00,238683.4,Idle,,5670.0,31-07-2024,08-12-2023,Owned
VEH-0065,Drone,Vayu-733,5.4 kg,24.1,56,HUB-PUN,2019-06-26 00:00:00,157243.9,active,,7675.0,05-11-2024,18-06-2025,3PL Partner
VEH-0066,Drone,Vayu-790,5.7,8.7,53,HUB-BEN,22/01/2020 00:00,22300.7,Active,,8358.0,2024-01-20 00:00:00,18-04-2024,Owned
VEH-0067,Drone,UrbanCraft-365,3.0,13.3,60,HUB-MYS,2018-07-01 00:00:00,23746.0,under maintenance,,7955.0,2025-03-11 00:00:00,26-04-2025,Leased
VEH-0068,Drone,Aravind-545,4.0 kg,17.2,56,HUB-LUC,15-12-2022,58927.4,Idle,,5850.0,2024-06-23 00:00:00,06-07-2025,Leased
VEH-0069,drone,UrbanCraft-751,4.4,14.7,49,HUB-NAG,19-05-2018,138732.2,Retired,,6517.0,20-06-2024,12-04-2024,Leased
VEH-0070,Drone,UrbanCraft-128,1.4,17.7,59,HUB-AHM,14-07-2019,210610.1,Maintenance,,6001.0,21-06-2024,04-06-2025,Leased
VEH-0071,Drone,Zenith-365,5.7,23.3,53,HUB-GUW,2017-08-24 00:00:00,115949.2,ACTIVE,,4585.0,11-05-2025,28-10-2023,Owned
VEH-0072,Drone,Meridian-786,4.1 kg,28.5,60,HUB-MUM,29-04-2023,54913.3,Maintenance,,3852.0,20-04-2025,18-05-2025,Leased
VEH-0073,Drone,Vayu-655,5.9,24.9,61,HUB-MYS,05-08-2020,217930.7,under maintenance,,2350.0,2024-10-29 00:00:00,15-09-2024,Owned
VEH-0074,drone,Kaveri-294,5.5,26.1,53,HUB-NAG,2017-08-20 00:00:00,28404.1,active,,4900.0,2024-02-10 00:00:00,05-01-2025,Leased
VEH-0075,Drone,Zenith-473,5.7 kg,16.8,52,HUB-COI,15-07-2017,126586.3,Active,,7115.0,2025-04-04 00:00:00,02-02-2024,Owned
VEH-0076,Drone,Meridian-365,1000 g,24.5,49,HUB-NAG,24-02-2018,30122.9,Retired,,7613.0,2024-01-22 00:00:00,16-10-2024,3PL Partner
VEH-0077,Drone,Vayu-830,6.0,8.2,50,HUB-LUC,03/02/2018 00:00,124662.1,Retired,,3303.0,2025-04-26 00:00:00,25-09-2024,3PL Partner
VEH-0078,Drone,Tamira-310,3.9,10.4,58,HUB-MYS,2018-07-23 00:00:00,175743.5,Retired,,3635.0,2024-07-09 00:00:00,01-11-2025,3PL Partner
VEH-0079,Drone,UrbanCraft-502,5.9,24.0,49,HUB-NAG,2021-02-03 00:00:00,133032.6,Idle,,7209.0,2024-01-13 00:00:00,14-04-2025,3PL Partner
VEH-0080,Drone,Meridian-116,4.7,15.9,52,HUB-KOL,2020-05-09 00:00:00,3924.1,ACTIVE,,3880.0,2024-11-22 00:00:00,20-01-2025,Leased
VEH-0081,Drone,Zenith-635,3.4,26.7,58,HUB-CHE,14/06/2020 00:00,235619.7,Retired,,7239.0,2025-04-27 00:00:00,28-01-2024,Leased
VEH-0082,Drone,UrbanCraft-234,5.0KG,14.3,60,HUB-CHE,30-09-2020,254877.1,Retired,,2873.0,10-01-2025,25-05-2024,3PL Partner
VEH-0083,Drone,Meridian-174,2600 g,15.1,55,HUB-GUR,18-07-2023,34273.8,Maintenance,,5969.0,13-01-2024,26-06-2025,3PL Partner
VEH-0084,Drone,Aravind-149,3.6,8.9,58,HUB-PUN,09/04/2023 00:00,35361.4,Idle,,4783.0,2024-09-28 00:00:00,18-11-2023,3PL Partner
VEH-0085,Drone,Meridian-983,2900 g,26.0,60,HUB-MYS,06-06-2020,33390.6,Active,,6297.0,2024-06-04 00:00:00,19-02-2025,Owned
VEH-0086,Drone,Tamira-517,4.3,18.6,59,HUB-BHU,08-06-2018,122450.5,ACTIVE,,8970.0,22-03-2025,19-03-2025,Leased
VEH-0087,drone,UrbanCraft-252,5.9 kg,14.8,59,HUB-MUM,29/08/2018 00:00,18917.2,In Service,,7189.0,2025-05-27 00:00:00,02-07-2024,3PL Partner
VEH-0088,Drone,Tamira-567,6.0,18.6,60,HUB-LUC,25-03-2021,119394.8,In Service,,8917.0,2024-12-20 00:00:00,29-11-2023,Leased
VEH-0089,Drone,Nexon-757,1.5,14.9,54,HUB-KOC,03/09/2017 00:00,8302.4,ACTIVE,,7644.0,21-09-2024,05-03-2025,Leased
VEH-0090,Drone,Vayu-862,4.8,26.5,50,HUB-HYD,2020-05-16 00:00:00,227415.0,under maintenance,,8539.0,09-12-2024,10-05-2024,Owned
VEH-0091,Drone,Aravind-783,1.7,13.1,55,HUB-KOL,19-05-2018,190631.7,In Service,,3707.0,14-09-2024,22-02-2024,Owned
VEH-0092,Drone,Zenith-607,4800 g,13.3,49,HUB-NAG,20-08-2022,234032.0,ACTIVE,,6424.0,11-11-2024,10-11-2025,Leased
VEH-0093,Drone,Meridian-361,1.3,15.4,53,HUB-CHA,27/12/2019 00:00,219678.4,Active,,7847.0,2024-06-14 00:00:00,21-07-2024,3PL Partner
VEH-0094,Drone,Nexon-358,5300 g,19.4,49,HUB-MYS,2022-08-25 00:00:00,129038.5,Active,,3060.0,2024-07-26 00:00:00,14-05-2024,3PL Partner
VEH-0095,Drone,Meridian-138,5.6,8.0,49,HUB-VIS,2021-05-17 00:00:00,110039.5,Maintenance,,5534.0,02-01-2024,28-10-2024,Leased
VEH-0096,Drone,Nexon-904,3.0KG,28.9,49,HUB-NAG,29/01/2018 00:00,257269.6,Idle,,4443.0,2025-06-26 00:00:00,09-07-2025,Owned
VEH-0097,Drone,Tamira-456,3.0KG,29.8,51,HUB-VIS,06/08/2017 00:00,120139.2,Retired,,6917.0,2024-09-19 00:00:00,27-08-2025,3PL Partner
VEH-0098,Drone,Kaveri-291,5.9,16.9,52,HUB-CHA,17-02-2019,195506.1,active,,6738.0,27-01-2025,03-04-2024,3PL Partner
VEH-0099,Drone,Tamira-345,3.6,19.1,57,HUB-MUM,2022-08-11 00:00:00,165536.5,In Service,,6462.0,2024-08-12 00:00:00,11-10-2024,Owned
VEH-0100,Drone,UrbanCraft-622,5.4,17.6,53,HUB-GUR,05-04-2019,N/A,Retired,,6544.0,28-03-2025,04-03-2025,Owned
VEH-0101,Drone,Nexon-789,1.1KG,14.7,56,HUB-KOC,2023-01-14 00:00:00,10939.6,Retired,,3763.0,19-03-2024,02-11-2024,Leased
VEH-0102,Drone,UrbanCraft-763,4.6 kg,15.9,58,HUB-KOL,2023-06-08 00:00:00,148043.1,Retired,,2996.0,08-07-2024,27-08-2025,Leased
VEH-0103,Drone,Zenith-865,5.2,28.2,53,HUB-DEL,03-10-2022,104285.7,ACTIVE,,2167.0,2024-01-11 00:00:00,25-02-2025,Leased
VEH-0104,Drone,Kaveri-769,2.9,18.3,51,HUB-MAD,08-06-2018,-,Active,,5073.0,2024-03-22 00:00:00,26-03-2025,Leased
VEH-0105,Drone,Nexon-415,5.7KG,23.7,49,HUB-KOC,18-07-2017,172752.1,Retired,,6650.0,27-07-2024,28-07-2024,3PL Partner
VEH-0106,Drone,Aravind-356,1.2,12.9,57,HUB-PUN,08/02/2020 00:00,225308.9,Idle,,6292.0,2025-04-26 00:00:00,12-01-2025,Leased
VEH-0107,Drone,Tamira-490,3.8,23.0,55,HUB-BHU,01-10-2021,173708.8,ACTIVE,,8282.0,2024-01-27 00:00:00,30-03-2025,Leased
VEH-0108,Drone,UrbanCraft-409,1.7,10.2,56,HUB-CHE,09-08-2017,3149.9,active,,5104.0,2024-02-11 00:00:00,19-12-2023,3PL Partner
VEH-0109,Drone,Vayu-150,3.6,24.6,61,HUB-CHA,16-04-2022,139792.5,Retired,,8354.0,2024-06-18 00:00:00,29-05-2024,Owned
VEH-0110,Drone,Nexon-840,4.6,19.0,57,HUB-BHU,14-03-2021,17162.8,ACTIVE,,3459.0,10-10-2024,09-08-2025,Leased
VEH-0111,Drone,Zenith-939,2.9KG,26.6,49,HUB-KOC,12/12/2018 00:00,34458.9,In Service,,2336.0,2024-09-19 00:00:00,29-09-2024,Owned
VEH-0112,Drone,Zenith-616,5.3KG,20.2,58,HUB-MYS,2020-11-11 00:00:00,202975.6,Active,,4758.0,2024-10-15 00:00:00,08-05-2025,Leased
VEH-0113,DRONE,Kaveri-681,1.4,16.2,55,HUB-MYS,29/11/2019 00:00,49605.0,Active,,8829.0,2024-11-06 00:00:00,12-01-2025,3PL Partner
VEH-0114,Drone,Meridian-625,5.1,27.8,53,HUB-HYD,10-08-2023,-,under maintenance,,2666.0,15-04-2025,26-11-2023,Owned
VEH-0115,Drone,UrbanCraft-932,4.1,24.5,56,HUB-BEN,2019-01-31 00:00:00,171776.8,ACTIVE,,5490.0,12-01-2024,23-05-2024,3PL Partner
VEH-0116,Drone,UrbanCraft-559,1.5,9.5,50,HUB-PUN,18/12/2021 00:00,171470.5,Maintenance,,3048.0,2024-06-19 00:00:00,15-06-2025,3PL Partner
VEH-0117,Drone,Meridian-972,3.1,16.3,54,HUB-VIS,2022-03-26 00:00:00,57399.8,Retired,,5613.0,2025-02-01 00:00:00,14-05-2025,Leased
VEH-0118,Drone,Kaveri-245,3.8,19.2,52,HUB-JAI,2021-06-26 00:00:00,40722.0,In Service,,6107.0,27-10-2024,30-09-2025,Owned
VEH-0119,Drone,Kaveri-115,4.8,14.6,54,HUB-COI,2021-12-31 00:00:00,49267.0,Idle,,5339.0,26-07-2024,25-07-2024,Leased
VEH-0120,Drone,Kaveri-793,2.6,11.3,49,HUB-KOC,2020-02-09 00:00:00,3642.5,ACTIVE,,5865.0,17-11-2024,05-05-2025,Owned
VEH-0121,Drone,Nexon-857,5.1KG,15.7,50,HUB-MYS,2021-02-28 00:00:00,N/A,active,,8097.0,2025-06-10 00:00:00,28-12-2023,Owned
VEH-0122,Drone,Kaveri-947,4.9,11.7,52,HUB-LUC,28-12-2017,195680.4,Idle,,3694.0,2024-07-16 00:00:00,15-12-2023,Leased
VEH-0123,Drone,UrbanCraft-422,5.8,19.2,59,HUB-BEN,2019-06-01 00:00:00,36515.5,Idle,,6698.0,15-03-2025,10-01-2025,3PL Partner
VEH-0124,Drone,Tamira-798,1.4,26.9,54,HUB-BHU,2022-08-27 00:00:00,33080.4,Maintenance,,7816.0,13-10-2024,21-10-2025,3PL Partner
VEH-0125,Drone,Nexon-430,3.7,29.9,49,HUB-GUW,2022-03-20 00:00:00,101916.8,ACTIVE,,6821.0,2025-01-30 00:00:00,06-05-2024,Owned
VEH-0126,drone,Zenith-982,3.9,14.3,57,HUB-COI,02-02-2023,227243.5,ACTIVE,,4395.0,2024-06-21 00:00:00,29-02-2024,Leased
VEH-0127,Drone,Kaveri-388,2.9,17.7,57,HUB-GUR,27-07-2019,129743.4,active,,6664.0,2025-05-24 00:00:00,24-05-2024,3PL Partner
VEH-0128,Drone,Kaveri-187,1.9 kg,25.5,49,HUB-CHE,29-09-2020,N/A,under maintenance,,3614.0,05-03-2025,06-01-2024,Leased
VEH-0129,Drone,Vayu-109,4.0,14.7,55,HUB-NAG,14/11/2022 00:00,144735.2,Retired,,4719.0,26-08-2024,14-08-2024,Leased
VEH-0130,Drone,Aravind-617,2.0,15.2,56,HUB-DEL,26/07/2019 00:00,199505.0,Retired,,5509.0,18-03-2024,11-10-2024,Leased
VEH-0131,Drone,Aravind-411,3.2,17.4,57,HUB-LUC,05-04-2021,148368.0,Retired,,8663.0,11-01-2025,10-01-2024,3PL Partner
VEH-0132,Drone,Tamira-810,2.6,13.5,50,HUB-NAG,2022-09-16 00:00:00,98916.1,Idle,,6710.0,2024-08-04 00:00:00,25-05-2025,Owned
VEH-0133,Drone,Zenith-950,5.7,24.7,55,HUB-JAI,2018-09-19 00:00:00,181596.6,Maintenance,,2742.0,02-01-2025,26-04-2024,Owned
VEH-0134,Drone,Vayu-507,1.3KG,18.4,56,HUB-MYS,2021-01-20 00:00:00,133908.0,under maintenance,,2988.0,10-01-2025,29-09-2024,3PL Partner
VEH-0135,DRONE,Vayu-920,1.8,19.9,60,HUB-MUM,04/05/2018 00:00,103878.0,ACTIVE,,6836.0,2025-02-08 00:00:00,27-04-2024,Owned
VEH-0136,Drone,Kaveri-329,4.0,16.9,61,HUB-NAG,2019-12-09 00:00:00,-,In Service,,5600.0,29-10-2024,16-12-2024,Owned
VEH-0137,Drone,Zenith-396,5.6,10.8,52,HUB-KOC,04/04/2020 00:00,9852.1,ACTIVE,,4683.0,2025-05-06 00:00:00,09-11-2024,Leased
VEH-0138,Drone,Vayu-970,1.9 kg,9.1,53,HUB-MYS,01/09/2021 00:00,189063.1,ACTIVE,,5951.0,04-04-2025,02-04-2025,Leased
VEH-0139,Drone,Aravind-298,4.0,-20.6,53,HUB-MYS,28-04-2022,29097.0,active,,2587.0,25-01-2024,29-05-2024,Owned
VEH-0140,Drone,Zenith-742,2.7,27.4,49,HUB-BEN,2018-05-21 00:00:00,203637.1,Retired,,7949.0,27-05-2025,31-07-2024,3PL Partner
VEH-0141,Bike,Meridian-920,33.7,54.8,28,HUB-COI,18/10/2019 00:00,180154.8,Maintenance,DRV-0759,,19-01-2024,19-10-2023,Owned
VEH-0142,Bike,Tamira-915,13.9,79.0,37,HUB-MYS,2021-10-10 00:00:00,155177.7,Maintenance,DRV-0632,,23-01-2025,27-11-2025,Owned
VEH-0143,Bike,Tamira-704,14.3KG,107.9,36,HUB-MUM,15/01/2021 00:00,259092.4,active,DRV-0052,,2025-03-26 00:00:00,01-12-2025,3PL Partner
VEH-0144,Bike,Meridian-533,13.7,89.7,31,HUB-MYS,09-07-2021,19047.9,In Service,DRV-0126,,2025-06-25 00:00:00,28-12-2024,3PL Partner
VEH-0145,Bike,Nexon-537,16.4,109.7,37,HUB-MUM,23/06/2019 00:00,192330.7,ACTIVE,DRV-0659,,10-02-2024,14-10-2023,Owned
VEH-0146,Bike,Aravind-449,23.6,77.7,29,HUB-LUC,2020-05-20 00:00:00,110974.2,ACTIVE,DRV-0544,,2025-05-10 00:00:00,07-10-2023,Leased
VEH-0147,Bike,Aravind-141,11.3,98.4,32,HUB-NAG,18-04-2019,58640.5,In Service,DRV-0160,,14-05-2025,26-11-2023,3PL Partner
VEH-0148,Bike,Kaveri-565,27.2,99.1,37,HUB-BEN,23-04-2019,136795.2,Idle,DRV-0763,,2024-07-29 00:00:00,15-07-2024,3PL Partner
VEH-0149,Bike,Zenith-533,19.9,117.8,26,HUB-VIS,22-03-2021,-,under maintenance,DRV-0613,,2024-08-27 00:00:00,30-09-2025,Owned
VEH-0150,Bike,Meridian-868,31.6,88.4,34,HUB-KOL,22/08/2020 00:00,null,Idle,DRV-0543,,2025-05-16 00:00:00,17-11-2024,Owned
VEH-0151,Bike,Zenith-168,10.3,106.6,29,HUB-COI,08/09/2017 00:00,241084.8,In Service,DRV-0870,,23-05-2025,19-07-2025,3PL Partner
VEH-0152,Bike,Nexon-227,32.3,46.7,32,HUB-JAI,04/09/2019 00:00,155168.6,Retired,DRV-0064,,2025-03-11 00:00:00,29-05-2025,Owned
VEH-0153,Bike,UrbanCraft-980,27.7,55.4,30,HUB-CHE,06-11-2017,123642.8,Active,DRV-0440,,2024-10-31 00:00:00,02-02-2024,3PL Partner
VEH-0154,Bike,Kaveri-348,27.4,63.6,29,HUB-PUN,17/06/2023 00:00,N/A,Retired,DRV-0204,,08-07-2024,27-11-2025,3PL Partner
VEH-0155,Bike,Meridian-871,19.5,119.9,30,HUB-CHA,16-05-2020,82855.0,active,DRV-0412,,24-09-2024,17-11-2023,Owned
VEH-0156,Bike,Nexon-146,24.2,100.2,33,HUB-BHU,14/04/2022 00:00,213523.4,Active,DRV-0641,,28-10-2024,09-08-2024,Owned
VEH-0157,Bike,Kaveri-505,33.7,105.0,33,HUB-MAD,11-02-2019,153549.6,Maintenance,DRV-0141,,2025-03-23 00:00:00,30-11-2025,3PL Partner
VEH-0158,Bike,UrbanCraft-724,28.6,62.3,36,HUB-MYS,2023-10-14 00:00:00,199532.9,Idle,DRV-0836,,19-08-2024,26-06-2024,3PL Partner
VEH-0159,Bike,UrbanCraft-897,18.2,53.7,36,HUB-MYS,2023-01-25 00:00:00,249453.5,Idle,DRV-0127,,10-06-2025,16-12-2024,Leased
VEH-0160,Bike,Meridian-805,26.6,81.3,36,HUB-CHA,2023-01-09 00:00:00,78083.3,ACTIVE,DRV-0863,,12-07-2024,10-09-2025,Leased
VEH-0161,Bike,Tamira-887,14.0KG,53.0,27,HUB-DEL,07-02-2021,205512.6,active,DRV-0485,,28-09-2024,01-05-2025,Leased
VEH-0162,Bike,Nexon-644,15.1,95.7,34,HUB-MUM,2021-08-11 00:00:00,3366.0,under maintenance,DRV-0112,,06-09-2024,22-05-2025,3PL Partner
VEH-0163,Bike,Tamira-627,24.0 kg,103.5,31,HUB-GUW,18/10/2021 00:00,251402.9,Retired,DRV-0566,,2024-02-26 00:00:00,18-01-2024,3PL Partner
VEH-0164,Bike,Vayu-125,17.6,111.5,30,HUB-KOC,2021-12-19 00:00:00,19441.2,under maintenance,DRV-0134,,12-04-2025,28-10-2024,Leased
VEH-0165,Bike,Nexon-131,10.6 kg,55.1,38,HUB-BEN,13-10-2021,84256.5,Maintenance,DRV-0366,,13-01-2024,22-06-2025,3PL Partner
VEH-0166,Bike,Tamira-510,21.0KG,47.7,32,HUB-VIS,05-06-2022,188376.3,Active,DRV-0714,,2024-08-08 00:00:00,17-08-2024,Owned
VEH-0167,Bike,Zenith-660,10.1,60.0,32,HUB-PUN,28/08/2021 00:00,208003.4,Maintenance,DRV-0278,,20-06-2024,04-10-2025,Owned
VEH-0168,Bike,Zenith-216,32.6,41.3,36,HUB-PUN,27/07/2018 00:00,124359.9,Maintenance,DRV-0015,,2025-03-18 00:00:00,23-02-2024,Owned
VEH-0169,Bike,Zenith-747,19.4,67.5,31,HUB-DEL,16/08/2022 00:00,136978.7,active,DRV-0889,,2025-06-29 00:00:00,28-05-2025,Owned
VEH-0170,Bike,Tamira-895,33.0,117.1,32,HUB-AHM,2019-06-29 00:00:00,258203.7,active,DRV-0660,,08-03-2024,13-08-2025,Owned
VEH-0171,bike,Zenith-294,20.3,90.0,34,HUB-JAI,04-11-2020,247075.9,Retired,DRV-0384,,2025-02-18 00:00:00,25-01-2024,Owned
VEH-0172,Bike,Aravind-518,32.1,69.7,26,HUB-HYD,2023-06-12 00:00:00,198158.1,under maintenance,DRV-0069,,2024-02-10 00:00:00,20-11-2023,Owned
VEH-0173,Bike,Vayu-635,21.6KG,45.0,27,HUB-AHM,2018-08-28 00:00:00,62148.4,Idle,DRV-0395,,13-06-2025,12-10-2025,Owned
VEH-0174,Bike,Vayu-319,12.7,100.5,27,HUB-COI,30-10-2023,217485.7,under maintenance,DRV-0454,,19-12-2024,18-02-2025,3PL Partner
VEH-0175,Bike,Vayu-346,24.6,119.9,35,HUB-KOC,2017-12-26 00:00:00,194356.3,Retired,DRV-0160,,22-06-2024,24-11-2023,3PL Partner
VEH-0176,Bike,Meridian-102,29.6 kg,55.7,26,HUB-KOC,15/04/2020 00:00,26083.5,Idle,DRV-0730,,07-08-2024,25-04-2024,Owned
VEH-0177,Bike,Zenith-899,31.3 kg,105.5,32,HUB-PUN,25-09-2017,183968.2,Retired,DRV-0170,,2025-01-09 00:00:00,30-06-2024,3PL Partner
VEH-0178,Bike,Meridian-781,13.8,110.9,36,HUB-VIS,2023-10-02 00:00:00,41284.7,In Service,DRV-0817,,2024-04-01 00:00:00,23-02-2025,3PL Partner
VEH-0179,Bike,Zenith-378,30.1,59.6,37,HUB-VIS,2019-07-21 00:00:00,107681.9,In Service,DRV-0423,,13-07-2024,02-10-2024,Owned
VEH-0180,Bike,Kaveri-228,14.6,114.8,29,HUB-LUC,28/10/2022 00:00,74432.6,Retired,DRV-0403,,27-05-2024,23-04-2024,3PL Partner
VEH-0181,Bike,Nexon-849,25.0,64.4,30,HUB-BHU,2022-10-23 00:00:00,229092.5,Active,DRV-0503,,2024-06-05 00:00:00,10-12-2023,Leased
VEH-0182,Bike,Zenith-338,29.5,76.7,36,HUB-COI,2018-06-22 00:00:00,157932.3,under maintenance,DRV-0505,,2024-02-27 00:00:00,26-02-2024,3PL Partner
VEH-0183,Bike,Aravind-212,33.5,75.1,26,HUB-JAI,2019-01-03 00:00:00,82386.2,active,DRV-0543,,27-12-2024,12-09-2025,Leased
VEH-0184,Bike,Tamira-948,16.6,102.4,30,HUB-MAD,2019-07-03 00:00:00,78450.3,Idle,DRV-0549,,23-03-2024,13-11-2025,Owned
VEH-0185,Bike,UrbanCraft-770,34.4 kg,-76.7,32,HUB-CHA,31/01/2020 00:00,152956.6,Idle,DRV-0618,,2024-01-04 00:00:00,06-06-2025,Owned
VEH-0186,Bike,Vayu-112,13.4 kg,49.1,38,HUB-HYD,11/10/2022 00:00,35225.7,ACTIVE,DRV-0061,,30-04-2024,08-05-2025,Leased
VEH-0187,Bike,Nexon-953,31.3 kg,84.2,34,HUB-VIS,21/04/2021 00:00,143219.5,In Service,DRV-0800,,31-05-2025,28-11-2023,Owned
VEH-0188,Bike,Tamira-292,21.2,65.7,35,HUB-GUW,30-10-2022,30764.4,Retired,DRV-0319,,2025-04-21 00:00:00,05-01-2025,Owned
VEH-0189,BIKE,Zenith-210,14.7,93.6,35,HUB-KOL,10/08/2020 00:00,257230.5,under maintenance,DRV-0303,,2024-04-10 00:00:00,15-04-2024,Leased
VEH-0190,Bike,Zenith-491,32.8,105.3,35,HUB-AHM,24/05/2022 00:00,231951.9,ACTIVE,DRV-0313,,2025-03-10 00:00:00,09-11-2023,3PL Partner
VEH-0191,Bike,Vayu-885,13.2,102.6,27,HUB-DEL,01/05/2018 00:00,61323.0,active,DRV-0390,,2024-07-26 00:00:00,22-08-2024,Owned
VEH-0192,bike,Nexon-483,23.1,58.8,33,HUB-PUN,26/01/2019 00:00,111115.1,under maintenance,DRV-0516,,2025-03-29 00:00:00,08-02-2025,Leased
VEH-0193,Bike,Tamira-812,33.0,108.7,27,HUB-MYS,03/09/2017 00:00,150134.2,Idle,DRV-0213,,23-06-2024,18-08-2024,3PL Partner
VEH-0194,Bike,Meridian-158,17.8,105.1,29,HUB-GUR,04-05-2020,134406.2,active,DRV-0817,,08-05-2025,24-10-2023,Owned
VEH-0195,Bike,Aravind-534,26.7 kg,47.3,33,HUB-MAD,2021-09-12 00:00:00,23777.0,Maintenance,DRV-0709,,22-04-2024,07-08-2025,Leased
VEH-0196,Bike,Zenith-762,24.6,47.4,29,HUB-CHE,21-09-2020,94646.0,Retired,DRV-0522,,29-06-2024,08-04-2024,3PL Partner
VEH-0197,Bike,Meridian-189,18.0,58.4,31,HUB-KOC,2017-11-01 00:00:00,25750.8,Retired,DRV-0343,,20-05-2025,20-05-2025,3PL Partner
VEH-0198,BIKE,Tamira-431,34.9,62.0,28,HUB-COI,07/07/2019 00:00,174969.1,under maintenance,DRV-0876,,2025-05-20 00:00:00,28-06-2025,3PL Partner
VEH-0199,Bike,Zenith-917,14.6KG,74.9,34,HUB-COI,2019-03-05 00:00:00,110680.2,Idle,DRV-0293,,14-06-2025,19-09-2025,Owned
VEH-0200,Bike,Nexon-757,23.6,49.5,29,HUB-KOC,2020-01-15 00:00:00,221123.9,Maintenance,DRV-0876,,2025-06-05 00:00:00,09-06-2024,3PL Partner
VEH-0201,Bike,Zenith-281,29.1 kg,43.4,26,HUB-GUW,2020-11-10 00:00:00,157977.0,Idle,DRV-0591,,04-01-2025,01-12-2024,3PL Partner
VEH-0202,Bike,Zenith-522,29.6 kg,100.4,38,HUB-NAG,03/12/2021 00:00,9131.0,Idle,DRV-0126,,2024-11-02 00:00:00,06-02-2025,Leased
VEH-0203,Bike,Zenith-293,19.5,74.2,29,HUB-KOC,11-09-2021,158306.1,In Service,DRV-0778,,2024-06-29 00:00:00,17-07-2024,Owned
VEH-0204,Bike,Zenith-863,27.6,97.4,33,HUB-LUC,05-12-2018,245855.0,Retired,DRV-0379,,05-12-2024,13-03-2025,Owned
VEH-0205,Bike,Zenith-762,28.1,50.2,30,HUB-VIS,2018-01-23 00:00:00,39766.2,In Service,DRV-0561,,29-05-2024,25-08-2025,Owned
VEH-0206,Bike,Vayu-976,13.3,49.2,37,HUB-HYD,25/02/2019 00:00,11390.9,Maintenance,DRV-0398,,06-05-2025,21-11-2023,3PL Partner
VEH-0207,Bike,Aravind-934,17.2,59.5,30,HUB-LUC,03/09/2020 00:00,206634.1,active,DRV-0222,,2024-04-05 00:00:00,06-02-2024,Owned
VEH-0208,Bike,Tamira-382,10.6,99.6,30,HUB-COI,17-02-2018,246053.7,ACTIVE,DRV-0128,,29-03-2025,18-10-2024,Owned
VEH-0209,Bike,Vayu-193,21.6,75.3,33,HUB-PUN,06-08-2020,42880.6,Maintenance,DRV-0147,,2025-07-02 00:00:00,08-06-2024,Leased
VEH-0210,Bike,Nexon-467,29.6,104.6,37,HUB-JAI,20-06-2021,31982.1,In Service,DRV-0199,,02-08-2024,26-10-2024,3PL Partner
VEH-0211,Bike,Kaveri-684,10.4,86.8,32,HUB-AHM,03-07-2021,117938.3,active,DRV-0004,,01-05-2025,02-06-2025,3PL Partner
VEH-0212,Bike,Aravind-594,18.7 kg,99.5,32,HUB-GUW,14/06/2017 00:00,75343.7,ACTIVE,DRV-0444,,2024-09-24 00:00:00,07-11-2023,Leased
VEH-0213,Bike,Nexon-798,18.8 kg,44.1,32,HUB-KOL,2021-12-16 00:00:00,181104.7,Retired,DRV-0145,,06-08-2024,04-09-2025,3PL Partner
VEH-0214,Bike,Vayu-950,22.3KG,93.7,37,HUB-CHE,2019-04-12 00:00:00,71681.4,In Service,DRV-0488,,2024-11-18 00:00:00,14-11-2024,3PL Partner
VEH-0215,Bike,Kaveri-473,21.8 kg,51.9,34,HUB-COI,20/10/2023 00:00,259612.5,Active,DRV-0328,,2025-04-13 00:00:00,25-07-2025,Leased
VEH-0216,Bike,UrbanCraft-526,11.8 kg,99.3,27,HUB-CHA,09-11-2018,129648.6,Idle,DRV-0827,,04-08-2024,24-01-2024,3PL Partner
VEH-0217,Bike,Nexon-989,15.7,43.1,28,HUB-NAG,2018-06-11 00:00:00,,under maintenance,DRV-0274,,11-04-2025,19-07-2024,Owned
VEH-0218,Bike,Kaveri-464,11.4,79.4,31,HUB-KOL,28/07/2018 00:00,129445.1,Maintenance,DRV-0898,,21-02-2025,20-03-2025,3PL Partner
VEH-0219,Bike,Aravind-330,31.9,47.8,38,HUB-KOL,05/05/2018 00:00,237294.9,ACTIVE,DRV-0723,,2024-04-17 00:00:00,09-03-2024,3PL Partner
VEH-0220,Bike,Aravind-314,18.1,108.6,29,HUB-CHA,04-02-2020,159685.2,Idle,DRV-0303,,2025-06-18 00:00:00,28-04-2024,Owned
VEH-0221,Bike,Vayu-522,21.7 kg,46.0,32,HUB-PUN,12-05-2018,29592.9,Idle,DRV-0773,,22-12-2024,06-07-2024,3PL Partner
VEH-0222,Bike,Nexon-393,33.1,72.1,31,HUB-BHU,2023-06-15 00:00:00,84364.2,Maintenance,DRV-0775,,2025-02-08 00:00:00,21-09-2025,Owned
VEH-0223,bike,Aravind-507,13.4,110.8,34,HUB-PUN,02/10/2022 00:00,115456.4,Active,DRV-0497,,2024-10-11 00:00:00,17-05-2024,Owned
VEH-0224,Bike,Meridian-967,15.3,80.3,38,HUB-BEN,13-06-2023,243745.7,active,DRV-0183,,17-05-2025,18-03-2025,Leased
VEH-0225,Bike,Tamira-119,32.2,53.2,26,HUB-BHU,14-12-2019,7314.7,Active,DRV-0118,,2025-01-09 00:00:00,24-03-2025,Owned
VEH-0226,Bike,Nexon-693,12.4 kg,113.7,38,HUB-GUW,19/01/2019 00:00,82468.3,Active,DRV-0658,,2024-02-14 00:00:00,17-10-2023,Leased
VEH-0227,Bike,Zenith-241,20.7,67.4,26,HUB-CHE,14/06/2020 00:00,113376.1,Retired,DRV-0366,,08-01-2024,31-05-2025,Owned
VEH-0228,Bike,UrbanCraft-319,23.1,76.1,31,HUB-JAI,20/06/2019 00:00,null,Active,DRV-0076,,2025-03-16 00:00:00,06-11-2025,Owned
VEH-0229,Bike,Tamira-312,15.5,45.3,35,HUB-CHE,05/10/2021 00:00,251987.3,Active,DRV-0548,,15-07-2024,05-07-2025,Leased
VEH-0230,Bike,Meridian-970,13.2,93.5,36,HUB-COI,12/09/2020 00:00,43934.0,under maintenance,DRV-0509,,2025-03-05 00:00:00,26-11-2025,Owned
VEH-0231,Bike,Kaveri-528,19.5,91.6,27,HUB-KOC,31-12-2019,184403.8,Active,DRV-0034,,14-08-2024,08-08-2024,Leased
VEH-0232,Bike,Aravind-459,31.3,58.8,38,HUB-NAG,14-10-2022,83071.8,Active,DRV-0175,,02-01-2025,17-12-2024,Leased
VEH-0233,Bike,Zenith-333,34.7,91.8,36,HUB-KOL,2023-09-01 00:00:00,129672.8,Retired,DRV-0778,,2025-02-21 00:00:00,09-10-2024,Owned
VEH-0234,Bike,Kaveri-615,13.5,42.2,30,HUB-KOL,06/03/2020 00:00,143541.8,ACTIVE,DRV-0605,,18-03-2024,09-11-2024,Owned
VEH-0235,Bike,Vayu-585,16.4,95.2,30,HUB-GUR,2023-02-03 00:00:00,196577.4,ACTIVE,DRV-0596,,07-03-2025,13-02-2024,3PL Partner
VEH-0236,Bike,Meridian-277,29.8,88.7,26,HUB-DEL,13-12-2020,878.2,In Service,DRV-0350,,16-09-2024,20-09-2025,Leased
VEH-0237,BIKE,Zenith-148,12.0,43.2,26,HUB-VIS,26-07-2022,162259.1,Active,DRV-0183,,2024-01-07 00:00:00,04-02-2025,3PL Partner
VEH-0238,Bike,Zenith-313,17.4,71.9,33,HUB-KOC,11-12-2019,27961.7,Active,DRV-0713,,2024-08-09 00:00:00,03-12-2024,Leased
VEH-0239,Bike,Tamira-606,33.1,85.8,35,HUB-BEN,08-12-2017,46160.9,under maintenance,DRV-0674,,04-07-2024,11-06-2024,Leased
VEH-0240,Bike,Meridian-892,21.4,43.1,34,HUB-GUR,30-07-2021,84411.1,Idle,DRV-0196,,2024-05-31 00:00:00,03-11-2025,Leased
VEH-0241,Bike,Zenith-648,30.2,113.3,34,HUB-GUW,2019-07-14 00:00:00,161008.1,Maintenance,DRV-0643,,07-05-2025,07-07-2024,3PL Partner
VEH-0242,Bike,Meridian-978,14.8,104.5,29,HUB-KOC,2020-03-28 00:00:00,31167.3,Idle,DRV-0169,,2024-11-27 00:00:00,11-11-2025,Leased
VEH-0243,Bike,Meridian-774,12.4,91.2,29,HUB-MYS,12-07-2021,23216.5,Active,DRV-0789,,2024-05-02 00:00:00,28-11-2025,Leased
VEH-0244,Bike,Zenith-965,14.5,87.0,35,HUB-CHE,2018-05-07 00:00:00,123569.1,ACTIVE,DRV-0763,,17-06-2025,06-06-2025,3PL Partner
VEH-0245,bike,UrbanCraft-164,29.0,71.8,35,HUB-DEL,2023-09-15 00:00:00,110115.1,Active,DRV-0650,,2024-12-27 00:00:00,09-10-2024,3PL Partner
VEH-0246,Bike,UrbanCraft-519,16.3,96.5,34,HUB-KOC,2020-07-15 00:00:00,186965.6,Active,DRV-0648,,28-09-2024,22-12-2024,3PL Partner
VEH-0247,Bike,Nexon-303,16.9,83.8,38,HUB-DEL,2021-01-15 00:00:00,211674.2,active,DRV-0247,,24-02-2024,04-02-2025,Leased
VEH-0248,Bike,UrbanCraft-296,13.6,60.9,33,HUB-CHE,2017-11-08 00:00:00,257022.1,under maintenance,DRV-0874,,2024-02-04 00:00:00,11-05-2024,Leased
VEH-0249,Bike,UrbanCraft-730,27.7,85.3,26,HUB-CHE,2019-08-26 00:00:00,247455.5,Active,DRV-0175,,18-05-2024,10-02-2025,Leased
VEH-0250,bike,Tamira-991,11.4,87.1,30,HUB-DEL,26-12-2018,241966.5,Maintenance,DRV-0252,,2025-04-06 00:00:00,26-10-2023,3PL Partner
VEH-0251,Bike,Zenith-424,29.1,96.6,37,HUB-GUW,12/11/2021 00:00,205402.4,under maintenance,DRV-0639,,08-10-2024,27-02-2024,3PL Partner
VEH-0252,bike,Zenith-692,30.1 kg,97.9,32,HUB-BEN,2022-12-31 00:00:00,-,ACTIVE,DRV-0186,,10-01-2025,24-09-2024,Owned
VEH-0253,BIKE,Aravind-442,31.0,95.2,27,HUB-BEN,2018-01-29 00:00:00,250810.5,active,DRV-0869,,04-04-2025,21-03-2025,Leased
VEH-0254,bike,Vayu-648,20.3,83.3,31,HUB-BHU,27-09-2018,164177.4,ACTIVE,DRV-0452,,28-04-2024,19-06-2024,Leased
VEH-0255,Bike,Aravind-915,12.8,73.0,34,HUB-DEL,2022-01-27 00:00:00,215396.4,Retired,DRV-0098,,2025-05-18 00:00:00,23-04-2025,Leased
VEH-0256,Bike,Vayu-517,14.4,49.2,35,HUB-LUC,30-07-2019,213596.0,ACTIVE,DRV-0618,,2024-04-21 00:00:00,22-05-2024,Leased
VEH-0257,Bike,Kaveri-436,16.9,83.3,27,HUB-COI,31-10-2023,113031.9,active,DRV-0467,,2024-03-01 00:00:00,18-12-2024,Owned
VEH-0258,Bike,Tamira-569,14.1,101.7,30,HUB-KOL,2022-07-06 00:00:00,134969.0,In Service,DRV-0431,,2025-06-10 00:00:00,28-08-2024,Owned
VEH-0259,Bike,Zenith-879,22.5 kg,83.2,34,HUB-VIS,29-01-2021,49625.7,Idle,DRV-0137,,2024-12-23 00:00:00,06-10-2023,Owned
VEH-0260,Bike,Meridian-279,16.8,97.9,34,HUB-CHA,2018-06-11 00:00:00,142555.3,Idle,DRV-0222,,2024-02-11 00:00:00,10-02-2024,3PL Partner
VEH-0261,Bike,Zenith-849,13.4,91.2,35,HUB-KOL,2020-12-27 00:00:00,230846.7,under maintenance,DRV-0196,,2024-01-23 00:00:00,20-02-2024,Owned
VEH-0262,Bike,Tamira-260,24.8,51.2,36,HUB-AHM,2018-10-19 00:00:00,74012.7,Idle,DRV-0088,,2024-02-06 00:00:00,29-11-2024,Owned
VEH-0263,Bike,Aravind-212,31.9,43.0,37,HUB-BHU,30/09/2017 00:00,103287.9,Idle,DRV-0074,,2024-12-20 00:00:00,17-12-2024,3PL Partner
VEH-0264,Bike,Nexon-569,34.2KG,66.4,27,HUB-CHE,24/07/2020 00:00,37282.3,Maintenance,DRV-0714,,27-03-2024,09-12-2024,Owned
VEH-0265,Bike,Nexon-142,29.1,91.0,34,HUB-KOL,11-04-2021,NA,Maintenance,DRV-0897,,22-04-2025,22-08-2024,Owned
VEH-0266,Bike,UrbanCraft-627,24.6 kg,95.3,37,HUB-KOL,24/09/2019 00:00,128667.5,Maintenance,DRV-0743,,2024-05-19 00:00:00,22-07-2024,Owned
VEH-0267,Bike,UrbanCraft-359,14.6,56.9,33,HUB-KOL,2019-09-20 00:00:00,132395.9,ACTIVE,DRV-0722,,2025-03-20 00:00:00,12-05-2024,Owned
VEH-0268,Bike,UrbanCraft-279,19.7,104.9,27,HUB-VIS,2019-06-01 00:00:00,173196.5,active,DRV-0375,,2024-12-10 00:00:00,24-03-2025,Owned
VEH-0269,Bike,Kaveri-105,19.1,90.6,34,HUB-COI,28-06-2018,226809.4,under maintenance,DRV-0146,,12-03-2024,25-03-2024,Leased
VEH-0270,BIKE,UrbanCraft-144,14.1 kg,113.9,30,HUB-KOC,17-10-2019,20880.3,Idle,DRV-0703,,22-08-2024,03-04-2024,Leased
VEH-0271,Bike,Meridian-696,11.0,82.8,35,HUB-PUN,2019-12-11 00:00:00,47063.3,Retired,DRV-0248,,2024-04-03 00:00:00,29-10-2023,Owned
VEH-0272,Bike,UrbanCraft-505,25.4,101.0,38,HUB-AHM,2023-03-06 00:00:00,106320.7,Retired,DRV-0395,,2024-09-03 00:00:00,31-10-2023,Leased
VEH-0273,Bike,Kaveri-536,13.4,49.0,26,HUB-CHA,03/03/2018 00:00,227297.3,Retired,DRV-0343,,15-03-2025,11-01-2024,Owned
VEH-0274,Bike,Kaveri-968,13.1,52.8,30,HUB-MAD,20-12-2021,135301.0,Retired,DRV-0665,,14-12-2024,01-12-2023,3PL Partner
VEH-0275,Bike,Zenith-205,25.1KG,41.9,32,HUB-MYS,29-11-2018,53237.1,ACTIVE,DRV-0183,,2025-02-06 00:00:00,17-09-2024,Owned
VEH-0276,Bike,UrbanCraft-697,34.1,102.9,37,HUB-GUW,14-01-2019,200474.6,In Service,DRV-0714,,2024-11-18 00:00:00,08-08-2024,3PL Partner
VEH-0277,Bike,Zenith-231,17.5KG,45.5,33,HUB-JAI,2023-08-25 00:00:00,51105.5,Active,DRV-0521,,2025-05-23 00:00:00,20-02-2025,Leased
VEH-0278,Bike,Tamira-772,34.3,88.8,37,HUB-CHA,20-10-2019,113535.5,Maintenance,DRV-0144,,2024-02-07 00:00:00,19-07-2024,Leased
VEH-0279,Bike,Vayu-646,26.7,119.1,38,HUB-HYD,27/12/2018 00:00,90206.6,In Service,DRV-0117,,2024-09-08 00:00:00,02-03-2025,3PL Partner
VEH-0280,Bike,Zenith-319,32.8,95.2,33,HUB-CHE,21-09-2018,109687.8,active,DRV-0350,,2024-11-10 00:00:00,14-02-2024,Owned
VEH-0281,Bike,Vayu-409,15.4,41.0,37,HUB-MAD,2017-10-22 00:00:00,140797.9,Retired,DRV-0525,,05-05-2025,10-09-2024,3PL Partner
VEH-0282,bike,UrbanCraft-314,14.2,106.3,33,HUB-LUC,2022-07-09 00:00:00,225835.2,active,DRV-0791,,2024-03-07 00:00:00,23-09-2024,3PL Partner
VEH-0283,Bike,Aravind-796,21.3 kg,94.8,37,HUB-KOC,03/07/2018 00:00,199864.2,Maintenance,DRV-0182,,18-04-2025,26-01-2025,3PL Partner
VEH-0284,Bike,Tamira-674,31.2 kg,95.2,34,HUB-LUC,05-02-2022,6973.6,ACTIVE,DRV-0853,,31-03-2025,04-10-2024,3PL Partner
VEH-0285,Bike,Meridian-746,20.1,113.4,33,HUB-COI,25/05/2018 00:00,146320.1,Active,DRV-0805,,21-05-2025,08-01-2025,3PL Partner
VEH-0286,Bike,Vayu-385,10.1,62.3,34,HUB-CHA,2018-07-17 00:00:00,99874.9,Idle,DRV-0100,,14-04-2024,24-07-2024,Owned
VEH-0287,Bike,Zenith-740,29.5,109.9,31,HUB-MUM,2021-01-10 00:00:00,236766.4,Retired,DRV-0076,,2025-01-25 00:00:00,04-10-2024,Owned
VEH-0288,Bike,Aravind-202,13.2,111.4,38,HUB-KOC,22/01/2023 00:00,19334.8,Retired,DRV-0054,,16-08-2024,21-09-2024,Owned
VEH-0289,Bike,UrbanCraft-966,17.4KG,-88.7,31,HUB-AHM,2022-03-21 00:00:00,88834.7,active,DRV-0888,,2025-06-03 00:00:00,09-03-2025,Owned
VEH-0290,Bike,Kaveri-622,14.8,102.1,31,HUB-MAD,19/07/2019 00:00,63344.8,under maintenance,DRV-0375,,2024-03-02 00:00:00,03-02-2025,Leased
VEH-0291,Bike,Tamira-279,21.2KG,73.6,27,HUB-PUN,2018-12-08 00:00:00,167544.5,active,DRV-0287,,2024-03-07 00:00:00,26-03-2025,3PL Partner
VEH-0292,Bike,Tamira-176,19.4,59.9,34,HUB-PUN,10/01/2022 00:00,179594.6,ACTIVE,DRV-0464,,2024-10-03 00:00:00,23-05-2024,3PL Partner
VEH-0293,Bike,Nexon-946,28.3,54.8,26,HUB-DEL,23/10/2023 00:00,122321.8,active,DRV-0447,,2024-09-07 00:00:00,14-10-2023,Owned
VEH-0294,Bike,Meridian-929,19.0,62.6,27,HUB-DEL,17/08/2021 00:00,1320.6,under maintenance,DRV-0249,,16-04-2024,09-03-2025,Owned
VEH-0295,Bike,Meridian-742,15.2,89.6,33,HUB-NAG,2017-07-29 00:00:00,84932.4,Retired,DRV-0589,,17-06-2024,31-01-2025,3PL Partner
VEH-0296,Bike,Aravind-447,21.7,88.0,29,HUB-VIS,2020-05-31 00:00:00,240630.2,ACTIVE,DRV-0021,,2025-01-22 00:00:00,14-01-2024,Owned
VEH-0297,Bike,Vayu-417,25.7,90.2,29,HUB-KOC,2017-07-12 00:00:00,165267.7,Retired,DRV-0611,,2024-02-26 00:00:00,09-08-2025,Leased
VEH-0298,bike,Nexon-353,26.6 kg,88.0,34,HUB-KOC,23-02-2019,185790.0,Idle,DRV-0307,,25-10-2024,18-11-2025,3PL Partner
VEH-0299,Bike,Tamira-577,34.9,41.8,26,HUB-CHA,2023-08-05 00:00:00,61034.0,under maintenance,DRV-0792,,2024-10-04 00:00:00,05-01-2025,Owned
VEH-0300,Bike,Tamira-100,19.8,118.6,27,HUB-BEN,27-03-2020,207541.1,Idle,DRV-0821,,11-02-2024,16-07-2024,Leased
VEH-0301,Bike,Meridian-300,30.7,72.9,29,HUB-HYD,28-02-2018,99879.4,Idle,DRV-0505,,2024-03-19 00:00:00,21-09-2025,Owned
VEH-0302,Bike,Vayu-506,20.1 kg,75.2,36,HUB-GUW,2017-07-15 00:00:00,161782.6,Retired,DRV-0029,,21-12-2024,13-11-2024,Leased
VEH-0303,Bike,Meridian-368,24.7,69.5,36,HUB-BEN,05/02/2023 00:00,255845.3,Retired,DRV-0482,,31-03-2025,11-10-2023,Leased
VEH-0304,Bike,Vayu-597,17.6 kg,96.4,33,HUB-MYS,15-08-2021,215865.2,Retired,DRV-0058,,2025-05-11 00:00:00,23-06-2024,Leased
VEH-0305,Bike,Aravind-143,31.8,75.6,29,HUB-BEN,02/08/2021 00:00,18481.9,Active,DRV-0399,,2025-03-12 00:00:00,17-06-2025,Owned
VEH-0306,Bike,Aravind-396,24.3,100.2,35,HUB-MYS,10-03-2023,55627.3,Retired,DRV-0428,,2024-08-16 00:00:00,15-05-2024,3PL Partner
VEH-0307,Bike,Nexon-352,19.9,49.8,26,HUB-MYS,15/02/2023 00:00,248328.4,Maintenance,DRV-0354,,2024-07-27 00:00:00,15-11-2025,Owned
VEH-0308,BIKE,Meridian-470,21.0,61.3,31,HUB-COI,09/09/2021 00:00,8213.5,under maintenance,DRV-0527,,29-06-2024,17-07-2024,Leased
VEH-0309,Bike,Kaveri-203,12.7 kg,93.7,26,HUB-GUW,09/10/2022 00:00,217562.9,Retired,DRV-0152,,2024-03-02 00:00:00,23-02-2024,3PL Partner
VEH-0310,Bike,Meridian-489,27.5,85.0,30,HUB-JAI,2021-05-11 00:00:00,163998.5,active,DRV-0741,,05-06-2025,22-05-2025,Leased
VEH-0311,Bike,Zenith-848,23.9,52.7,35,HUB-CHE,2020-08-26 00:00:00,59877.3,Maintenance,DRV-0383,,25-09-2024,09-01-2024,Owned
VEH-0312,Bike,Nexon-525,16.0,66.6,35,HUB-PUN,2023-04-24 00:00:00,158595.3,Idle,DRV-0195,,26-10-2024,12-03-2024,3PL Partner
VEH-0313,Bike,Zenith-797,28.7 kg,65.4,29,HUB-MYS,11-02-2022,178462.0,under maintenance,DRV-0383,,2024-11-26 00:00:00,14-04-2025,3PL Partner
VEH-0314,Bike,Zenith-955,23.2,44.7,37,HUB-MAD,2018-05-21 00:00:00,54437.4,Maintenance,DRV-0307,,2025-04-14 00:00:00,06-11-2024,Leased
VEH-0315,Bike,Tamira-439,18.6,119.5,32,HUB-KOL,15-02-2019,34892.6,Idle,DRV-0764,,17-08-2024,19-10-2025,3PL Partner
VEH-0316,Bike,Aravind-133,25.5,104.0,34,HUB-JAI,02-12-2018,249706.8,active,DRV-0791,,26-06-2024,24-12-2024,Owned
VEH-0317,bike,Tamira-326,22.9,104.2,27,HUB-DEL,08-01-2019,27755.0,Idle,DRV-0868,,2024-10-22 00:00:00,25-02-2024,Owned
VEH-0318,Bike,Kaveri-943,24.2,79.5,37,HUB-DEL,16/12/2017 00:00,234654.8,ACTIVE,DRV-0075,,24-06-2025,25-08-2025,3PL Partner
VEH-0319,Bike,Aravind-248,27.7,103.5,28,HUB-CHA,2022-04-08 00:00:00,30729.5,In Service,DRV-0851,,2025-06-28 00:00:00,09-09-2024,Owned
VEH-0320,Bike,Aravind-778,30.3,47.4,30,HUB-BHU,08-05-2020,125274.8,Retired,DRV-0887,,03-06-2025,19-12-2023,Owned
VEH-0321,Bike,UrbanCraft-118,11.7 kg,45.7,35,HUB-BHU,29/01/2018 00:00,122158.3,Active,DRV-0028,,04-03-2025,03-03-2024,Owned
VEH-0322,Bike,Nexon-475,12.0,70.7,27,HUB-JAI,11-01-2021,109605.7,Retired,DRV-0053,,10-01-2025,16-01-2024,Leased
VEH-0323,Bike,Zenith-881,29.8,94.3,28,HUB-DEL,21-05-2020,104049.6,Idle,DRV-0012,,2024-11-18 00:00:00,14-07-2024,Leased
VEH-0324,Bike,Vayu-779,33.2,-56.4,36,HUB-KOL,12-06-2020,220164.2,active,DRV-0396,,21-11-2024,06-12-2024,Leased
VEH-0325,Bike,Zenith-112,13.4,65.6,30,HUB-KOC,2017-12-22 00:00:00,102701.3,Active,DRV-0810,,28-12-2024,22-08-2024,Leased
VEH-0326,Bike,Nexon-616,13.6 kg,96.4,36,HUB-MAD,2019-07-22 00:00:00,NA,ACTIVE,DRV-0301,,27-03-2025,14-09-2024,Owned
VEH-0327,Bike,Meridian-428,19.0,43.8,35,HUB-CHE,2022-05-20 00:00:00,56514.5,under maintenance,DRV-0546,,28-12-2024,19-10-2024,3PL Partner
VEH-0328,Bike,UrbanCraft-105,21.1,59.6,31,HUB-HYD,22/05/2023 00:00,82640.2,Retired,DRV-0807,,05-05-2025,26-10-2025,Leased
VEH-0329,Bike,Zenith-138,31.2 kg,84.3,31,HUB-VIS,29-08-2017,140966.6,Maintenance,DRV-0598,,06-06-2025,12-02-2025,Owned
VEH-0330,Bike,Tamira-862,10.9,81.0,36,HUB-KOC,23/08/2017 00:00,31962.3,Idle,DRV-0312,,17-01-2024,03-10-2024,Owned
VEH-0331,Bike,Aravind-390,16.2,-56.0,36,HUB-MAD,2021-08-04 00:00:00,124722.2,Idle,DRV-0296,,10-07-2024,22-03-2025,Leased
VEH-0332,Bike,Kaveri-892,21.6,108.7,30,HUB-VIS,2019-04-04 00:00:00,210492.5,Active,DRV-0251,,05-03-2024,12-09-2024,Owned
VEH-0333,Bike,Tamira-907,26.8,59.2,33,HUB-VIS,2020-08-27 00:00:00,38517.3,Maintenance,DRV-0084,,17-06-2024,30-11-2025,Leased
VEH-0334,Bike,Kaveri-909,32.3,-77.1,27,HUB-COI,02-12-2019,33350.4,Maintenance,DRV-0834,,25-10-2024,19-05-2025,3PL Partner
VEH-0335,BIKE,Kaveri-970,25.7,97.0,26,HUB-VIS,15/03/2023 00:00,146873.8,Idle,DRV-0591,,2024-02-10 00:00:00,24-10-2023,Leased
VEH-0336,Bike,Zenith-416,15.0 kg,74.8,28,HUB-PUN,29-09-2023,173964.7,active,DRV-0123,,2025-05-01 00:00:00,20-04-2025,Owned
VEH-0337,Bike,Vayu-558,28.9,83.2,27,HUB-COI,01/02/2022 00:00,152133.7,In Service,DRV-0294,,26-06-2024,04-01-2024,Leased
VEH-0338,Bike,Tamira-345,12.2KG,76.5,35,HUB-JAI,03/07/2019 00:00,57444.1,Retired,DRV-0870,,2024-12-15 00:00:00,23-07-2024,Owned
VEH-0339,Bike,UrbanCraft-675,32.8,82.2,33,HUB-PUN,2017-08-30 00:00:00,95891.1,ACTIVE,DRV-0343,,2024-06-17 00:00:00,24-04-2025,Leased
VEH-0340,Bike,Aravind-150,19.1,95.4,38,HUB-CHA,2021-09-18 00:00:00,35770.5,In Service,DRV-0660,,29-04-2025,22-10-2023,3PL Partner
VEH-0341,Bike,Vayu-719,22.4,68.5,32,HUB-BHU,2023-01-19 00:00:00,42245.8,Maintenance,DRV-0823,,26-03-2025,11-08-2024,Leased
VEH-0342,Bike,UrbanCraft-646,28.7 kg,41.9,30,HUB-COI,15/10/2021 00:00,72092.2,Active,DRV-0146,,2024-08-03 00:00:00,09-06-2025,Leased
VEH-0343,Bike,Nexon-444,16.8,92.3,34,HUB-BHU,09-08-2021,117530.5,Idle,DRV-0599,,2025-04-08 00:00:00,24-10-2024,Leased
VEH-0344,Bike,Vayu-467,14.9,58.9,35,HUB-GUR,18-01-2023,196769.9,Active,DRV-0295,,2024-02-02 00:00:00,03-07-2024,Owned
VEH-0345,BIKE,Tamira-747,27.4,72.4,31,HUB-COI,2022-02-12 00:00:00,77564.8,In Service,DRV-0412,,09-01-2025,01-11-2025,Owned
VEH-0346,Bike,Vayu-199,20.2,68.1,33,HUB-LUC,27-01-2020,108522.3,Maintenance,DRV-0700,,2024-09-25 00:00:00,07-09-2024,3PL Partner
VEH-0347,Bike,Aravind-373,16.5 kg,111.6,32,HUB-KOL,2017-08-19 00:00:00,29848.3,Active,DRV-0697,,12-05-2025,15-02-2024,Leased
VEH-0348,Bike,Tamira-755,31.1,59.8,35,HUB-MAD,2020-06-07 00:00:00,69255.9,Active,DRV-0017,,2024-02-29 00:00:00,02-11-2024,Owned
VEH-0349,Bike,Zenith-839,14.9,62.2,37,HUB-MAD,01-01-2018,15639.8,ACTIVE,DRV-0065,,2024-03-27 00:00:00,18-12-2024,Leased
VEH-0350,Bike,Meridian-111,25.2,41.6,27,HUB-BHU,2020-01-24 00:00:00,237190.8,active,DRV-0695,,2025-05-26 00:00:00,11-08-2024,Owned
VEH-0351,Bike,Vayu-551,23.8,95.1,32,HUB-CHE,22/11/2022 00:00,149943.2,In Service,DRV-0864,,2024-05-04 00:00:00,22-01-2025,Owned
VEH-0352,Bike,Vayu-230,28.6 kg,77.0,26,HUB-COI,18/10/2021 00:00,157591.5,In Service,DRV-0523,,24-04-2025,29-09-2024,Leased
VEH-0353,Bike,UrbanCraft-230,11.4,75.0,33,HUB-VIS,01-08-2018,116986.5,ACTIVE,DRV-0497,,2024-08-17 00:00:00,04-11-2024,Leased
VEH-0354,Bike,Tamira-601,13.4,62.8,31,HUB-NAG,09-12-2021,235650.7,under maintenance,DRV-0189,,03-06-2024,12-12-2024,Owned
VEH-0355,Bike,Meridian-583,12.1,64.2,36,HUB-DEL,10-06-2019,6798.9,In Service,DRV-0353,,18-05-2025,15-04-2025,Owned
VEH-0356,Bike,Aravind-172,30.2 kg,72.4,26,HUB-NAG,15-12-2020,145127.8,Retired,DRV-0831,,2025-02-17 00:00:00,07-09-2024,Leased
VEH-0357,Bike,Meridian-236,27.2,90.9,36,HUB-COI,2021-05-13 00:00:00,182663.0,active,DRV-0043,,05-11-2024,04-12-2023,Leased
VEH-0358,Bike,Kaveri-571,33.7 kg,62.2,31,HUB-BHU,2020-12-21 00:00:00,200347.1,ACTIVE,DRV-0481,,2024-12-25 00:00:00,23-10-2025,Owned
VEH-0359,Bike,Meridian-348,12.8,66.2,36,HUB-HYD,08-04-2023,79838.2,Retired,DRV-0814,,22-08-2024,06-02-2024,Owned
VEH-0360,Bike,Zenith-576,19.0KG,49.5,33,HUB-KOC,05/03/2022 00:00,156286.0,Active,DRV-0188,,30-03-2024,12-09-2024,Leased
VEH-0361,Bike,Vayu-829,21.3KG,90.5,29,HUB-MUM,09-09-2020,153754.0,In Service,DRV-0822,,2024-09-19 00:00:00,09-03-2025,Leased
VEH-0362,Bike,UrbanCraft-651,10.0,107.6,29,HUB-NAG,2019-03-25 00:00:00,71396.9,Active,DRV-0458,,04-09-2024,06-05-2025,Leased
VEH-0363,Bike,Aravind-352,16.8 kg,112.4,36,HUB-AHM,2020-06-02 00:00:00,156353.5,under maintenance,DRV-0171,,2024-12-15 00:00:00,29-11-2024,Leased
VEH-0364,Bike,Zenith-388,19.3,112.6,30,HUB-GUW,2023-04-01 00:00:00,144602.9,Maintenance,DRV-0140,,05-02-2025,12-10-2025,3PL Partner
VEH-0365,Bike,Meridian-105,33.9 kg,104.4,31,HUB-NAG,29/09/2023 00:00,137522.9,Active,DRV-0235,,19-05-2025,07-06-2025,Leased
VEH-0366,Bike,Aravind-979,31.6,48.3,38,HUB-BHU,2017-08-02 00:00:00,96191.3,Idle,DRV-0661,,07-03-2025,01-05-2024,3PL Partner
VEH-0367,Bike,Nexon-426,30.3,86.0,30,HUB-MAD,23/03/2020 00:00,129052.9,Idle,DRV-0274,,28-05-2024,15-11-2025,Leased
VEH-0368,bike,Meridian-354,18.7 kg,71.0,32,HUB-KOC,13-07-2022,164560.9,ACTIVE,DRV-0735,,2025-01-31 00:00:00,27-01-2024,Leased
VEH-0369,Bike,Kaveri-166,26.5,94.5,36,HUB-PUN,2022-05-20 00:00:00,29362.7,Active,DRV-0068,,2024-04-29 00:00:00,20-12-2024,Owned
VEH-0370,Bike,Tamira-859,34.0,99.1,37,HUB-MUM,11-06-2023,36920.3,under maintenance,DRV-0755,,31-10-2024,01-10-2024,3PL Partner
VEH-0371,Bike,Aravind-109,14.9,73.5,38,HUB-NAG,2022-09-28 00:00:00,198541.9,In Service,DRV-0345,,2024-12-21 00:00:00,04-12-2024,Owned
VEH-0372,Bike,Aravind-906,12.4,43.0,31,HUB-LUC,27-04-2021,211671.1,ACTIVE,DRV-0485,,2024-06-01 00:00:00,20-10-2023,3PL Partner
VEH-0373,Bike,Meridian-173,31.5,65.9,38,HUB-MAD,14-12-2021,20404.9,Retired,DRV-0127,,2025-05-27 00:00:00,05-07-2025,Leased
VEH-0374,Bike,Aravind-946,16.0,79.5,36,HUB-GUW,2017-07-22 00:00:00,47679.8,Idle,DRV-0876,,25-09-2024,16-04-2025,3PL Partner
VEH-0375,Bike,Tamira-670,10.9,96.4,36,HUB-CHA,08/03/2020 00:00,152534.2,Idle,DRV-0635,,09-03-2025,15-12-2023,Leased
VEH-0376,Bike,Aravind-318,15.2KG,103.4,27,HUB-DEL,11-10-2018,116954.8,Retired,DRV-0122,,2024-02-29 00:00:00,21-01-2025,Leased
VEH-0377,Bike,Meridian-960,32.3,118.3,27,HUB-VIS,2019-02-19 00:00:00,204148.6,Active,DRV-0465,,31-08-2024,23-06-2024,3PL Partner
VEH-0378,Bike,Vayu-678,12.5,68.2,37,HUB-MUM,15-07-2017,132901.8,Active,DRV-0636,,2024-06-04 00:00:00,03-10-2025,3PL Partner
VEH-0379,Bike,Kaveri-436,16.9,91.4,34,HUB-HYD,2019-02-18 00:00:00,39885.5,In Service,DRV-0713,,2024-02-01 00:00:00,15-11-2024,Leased
VEH-0380,Bike,UrbanCraft-312,22.0KG,105.4,32,HUB-BHU,2022-02-23 00:00:00,157609.5,Retired,DRV-0358,,30-08-2024,16-03-2025,Leased
VEH-0381,Bike,Nexon-703,14.2,62.2,27,HUB-LUC,2018-04-03 00:00:00,255991.1,active,DRV-0530,,25-11-2024,17-08-2025,Owned
VEH-0382,Bike,Meridian-701,32.0 kg,96.7,34,HUB-PUN,11/02/2020 00:00,213050.7,In Service,DRV-0695,,19-04-2025,20-06-2024,Leased
VEH-0383,Bike,Vayu-468,11.3,114.9,38,HUB-AHM,2020-04-09 00:00:00,213649.8,ACTIVE,DRV-0327,,19-05-2025,01-02-2025,3PL Partner
VEH-0384,Bike,Kaveri-583,10.6,76.9,35,HUB-DEL,18/10/2019 00:00,121692.5,Idle,DRV-0312,,13-06-2024,20-11-2024,3PL Partner
VEH-0385,Bike,Vayu-237,30.8KG,111.9,38,HUB-DEL,2020-09-24 00:00:00,55014.1,Idle,DRV-0573,,2025-01-29 00:00:00,27-06-2025,3PL Partner
VEH-0386,Bike,Zenith-578,20.2,65.4,34,HUB-BHU,2023-04-22 00:00:00,191048.4,ACTIVE,DRV-0374,,10-07-2024,18-01-2024,3PL Partner
VEH-0387,Bike,Tamira-468,23.6,118.6,33,HUB-PUN,2020-11-02 00:00:00,34380.0,Idle,DRV-0802,,07-09-2024,22-02-2025,Leased
VEH-0388,Bike,UrbanCraft-713,25.2,53.6,27,HUB-CHE,2019-06-23 00:00:00,169531.2,under maintenance,DRV-0243,,2024-08-27 00:00:00,28-01-2025,Owned
VEH-0389,Bike,Tamira-529,23.4,84.2,28,HUB-KOL,25-09-2019,246592.8,Active,DRV-0839,,16-01-2025,08-02-2025,3PL Partner
VEH-0390,Bike,Nexon-774,10.8KG,89.3,28,HUB-LUC,13-06-2018,7589.8,active,DRV-0744,,2025-03-20 00:00:00,12-09-2025,Owned
VEH-0391,Bike,Aravind-440,24.6,64.7,36,HUB-MAD,2023-06-25 00:00:00,143133.7,under maintenance,DRV-0460,,22-02-2025,01-03-2024,3PL Partner
VEH-0392,Bike,Vayu-905,34.3,72.8,36,HUB-COI,2021-12-20 00:00:00,237943.1,ACTIVE,DRV-0709,,2024-10-09 00:00:00,01-02-2025,3PL Partner
VEH-0393,Bike,UrbanCraft-388,33.3,111.6,29,HUB-KOC,06-02-2020,146293.1,Idle,DRV-0841,,17-01-2025,25-08-2024,Leased
VEH-0394,BIKE,Tamira-230,11.0,114.6,38,HUB-BEN,15/05/2020 00:00,23578.7,Maintenance,DRV-0677,,2024-12-27 00:00:00,23-10-2024,Owned
VEH-0395,Bike,Zenith-534,12.7,55.6,28,HUB-NAG,2021-12-28 00:00:00,165252.3,Retired,DRV-0559,,2024-10-29 00:00:00,15-05-2024,Leased
VEH-0396,Bike,Aravind-482,29.4,92.9,37,HUB-CHE,04-05-2020,136206.7,Retired,DRV-0765,,2024-04-15 00:00:00,11-08-2025,Leased
VEH-0397,Bike,Aravind-315,25.3KG,103.5,35,HUB-AHM,2021-05-04 00:00:00,13012.7,Active,DRV-0537,,2025-01-31 00:00:00,06-06-2025,Owned
VEH-0398,Bike,Aravind-798,25.8,69.4,37,HUB-MUM,18-09-2023,26872.9,Retired,DRV-0302,,05-05-2024,14-01-2024,Leased
VEH-0399,Bike,Tamira-229,27.5,81.3,28,HUB-BEN,10/02/2022 00:00,215522.5,In Service,DRV-0820,,16-05-2025,02-05-2025,3PL Partner
VEH-0400,Bike,Kaveri-436,19.4,61.8,26,HUB-VIS,2021-05-17 00:00:00,221574.9,Retired,DRV-0244,,29-02-2024,09-08-2024,3PL Partner
VEH-0401,Van,Kaveri-977,1171.9 kg,268.4,42,HUB-HYD,10-02-2018,233581.4,Retired,DRV-0824,,2024-03-02 00:00:00,27-04-2024,Leased
VEH-0402,Van,Vayu-876,856.3,240.4,49,HUB-MAD,17/05/2021 00:00,35586.3,Idle,DRV-0370,,20-11-2024,21-11-2025,Owned
VEH-0403,Van,UrbanCraft-203,576.5,290.7,50,HUB-GUW,21-08-2017,167568.8,Active,DRV-0740,,2025-03-04 00:00:00,03-12-2023,3PL Partner
VEH-0404,Van,UrbanCraft-568,762.8,-204.5,46,HUB-GUR,2023-05-09 00:00:00,54009.8,Active,DRV-0411,,2025-05-29 00:00:00,27-06-2024,Leased
VEH-0405,Van,Aravind-305,902.5 kg,310.2,44,HUB-COI,2020-12-06 00:00:00,87052.2,active,DRV-0298,,15-05-2025,06-04-2024,3PL Partner
VEH-0406,Van,Zenith-182,916.1,330.8,48,HUB-DEL,12-01-2021,N/A,Idle,DRV-0816,,2025-04-24 00:00:00,10-12-2024,Leased
VEH-0407,Van,UrbanCraft-976,674.0 kg,331.4,49,HUB-JAI,04-01-2022,98233.9,Maintenance,DRV-0130,,2025-06-11 00:00:00,24-02-2024,Leased
VEH-0408,Van,Vayu-489,479.9,176.8,43,HUB-JAI,15/01/2020 00:00,168777.6,Idle,DRV-0294,,2024-06-18 00:00:00,27-09-2024,3PL Partner
VEH-0409,Van,Tamira-774,1003.3,228.6,39,HUB-GUW,19/09/2019 00:00,86405.5,Maintenance,DRV-0777,,29-12-2024,16-10-2024,Owned
VEH-0410,Van,Meridian-613,1005.3,388.7,51,HUB-GUW,09/06/2023 00:00,110071.8,In Service,DRV-0565,,2024-02-15 00:00:00,19-03-2025,Owned
VEH-0411,Van,Tamira-507,944.4,170.2,43,HUB-GUR,2020-08-26 00:00:00,194503.3,active,DRV-0615,,14-07-2024,31-10-2025,Leased
VEH-0412,Van,Vayu-563,609.1,286.4,44,HUB-KOL,2019-11-06 00:00:00,230063.2,active,DRV-0608,,01-11-2024,17-11-2025,3PL Partner
VEH-0413,Van,Aravind-942,994.5KG,304.2,45,HUB-MYS,2022-08-04 00:00:00,238993.1,In Service,DRV-0545,,2024-03-01 00:00:00,03-07-2025,Owned
VEH-0414,Van,UrbanCraft-786,726.3,371.9,47,HUB-GUR,13-01-2018,225197.3,active,DRV-0238,,13-10-2024,26-10-2024,Owned
VEH-0415,Van,Kaveri-489,793.0,345.3,49,HUB-BHU,27-03-2019,87678.8,active,DRV-0024,,13-01-2025,18-01-2024,3PL Partner
VEH-0416,Van,Nexon-311,978.8,212.6,49,HUB-COI,18-09-2023,125245.5,Idle,DRV-0895,,2024-01-13 00:00:00,19-01-2024,Owned
VEH-0417,Van,Vayu-471,668.1KG,236.4,39,HUB-CHA,27-04-2021,117878.6,ACTIVE,DRV-0439,,21-10-2024,03-06-2025,3PL Partner
VEH-0418,Van,Zenith-813,1038.5,329.8,39,HUB-AHM,14-09-2018,214675.6,Retired,DRV-0782,,17-05-2024,16-06-2024,Leased
VEH-0419,Van,Nexon-383,1092.3,258.7,39,HUB-MYS,2021-10-10 00:00:00,48885.1,Maintenance,DRV-0477,,2024-09-18 00:00:00,16-01-2024,Owned
VEH-0420,Van,Zenith-436,410.3,157.1,51,HUB-HYD,30/12/2021 00:00,114495.4,Retired,DRV-0665,,2025-02-19 00:00:00,06-05-2024,Owned
VEH-0421,Van,Meridian-540,600.0,166.8,46,HUB-COI,2018-06-09 00:00:00,129603.1,Idle,DRV-0879,,17-02-2024,29-12-2024,Leased
VEH-0422,van,Meridian-535,1115.1KG,153.7,47,HUB-JAI,20/08/2018 00:00,42476.8,In Service,DRV-0008,,09-05-2025,04-08-2025,Owned
VEH-0423,Van,Meridian-176,687.6,280.2,50,HUB-CHA,15-10-2021,,under maintenance,DRV-0417,,2024-02-15 00:00:00,27-06-2024,Owned
VEH-0424,Van,Kaveri-126,1018.1,157.1,39,HUB-BEN,12/10/2019 00:00,114061.2,In Service,DRV-0088,,05-02-2024,11-08-2025,3PL Partner
VEH-0425,Van,Vayu-899,1048.2 kg,179.7,40,HUB-MAD,2022-06-29 00:00:00,247693.1,Maintenance,DRV-0403,,05-06-2025,08-03-2024,Owned
VEH-0426,Van,Kaveri-423,575.1,299.9,45,HUB-CHA,2020-04-06 00:00:00,111330.6,In Service,DRV-0427,,26-03-2024,23-05-2024,3PL Partner
VEH-0427,Van,Vayu-401,564.2 kg,286.7,43,HUB-MYS,2022-02-09 00:00:00,238617.9,Active,DRV-0794,,14-04-2025,26-03-2024,Leased
VEH-0428,Van,Tamira-635,846.6,231.1,49,HUB-MAD,11-03-2020,139733.8,under maintenance,DRV-0398,,2024-05-28 00:00:00,21-04-2024,3PL Partner
VEH-0429,Van,Zenith-903,969.5,235.5,42,HUB-COI,05/09/2023 00:00,105866.5,ACTIVE,DRV-0568,,2025-01-01 00:00:00,26-01-2025,Leased
VEH-0430,Van,Zenith-733,1171.6,156.1,41,HUB-BEN,08/11/2021 00:00,3203.5,Active,DRV-0038,,2024-01-07 00:00:00,14-10-2025,Owned
VEH-0431,VAN,Vayu-722,926.5,265.4,46,HUB-NAG,28/12/2019 00:00,205728.2,Active,DRV-0400,,20-01-2024,30-03-2024,Leased
VEH-0432,van,Aravind-693,706.4KG,355.9,39,HUB-CHE,2019-04-27 00:00:00,242621.0,ACTIVE,DRV-0253,,2024-11-06 00:00:00,19-08-2024,3PL Partner
VEH-0433,Van,UrbanCraft-659,578.5,390.2,47,HUB-LUC,01-01-2022,243693.0,Idle,DRV-0373,,2025-05-08 00:00:00,26-12-2023,Leased
VEH-0434,Van,Zenith-118,875.4,331.9,46,HUB-MYS,09-11-2021,80352.3,ACTIVE,DRV-0152,,05-10-2024,16-02-2025,Leased
VEH-0435,Van,Nexon-695,965.2,264.8,44,HUB-COI,09-08-2021,237760.8,Maintenance,DRV-0062,,2024-06-29 00:00:00,30-11-2025,Owned
VEH-0436,Van,Kaveri-773,481.3,221.3,47,HUB-GUR,27-11-2019,215804.9,ACTIVE,DRV-0281,,06-01-2024,13-12-2024,3PL Partner
VEH-0437,Van,Vayu-500,732.0KG,271.6,48,HUB-MYS,2017-08-01 00:00:00,193104.5,Idle,DRV-0368,,2025-06-26 00:00:00,22-08-2025,3PL Partner
VEH-0438,Van,UrbanCraft-897,797.7KG,237.0,46,HUB-JAI,05-04-2021,39179.8,Active,DRV-0609,,2025-02-08 00:00:00,01-10-2025,Leased
VEH-0439,Van,Kaveri-595,1044.9,312.1,42,HUB-MAD,31-10-2017,89826.0,active,DRV-0782,,2024-08-08 00:00:00,13-08-2025,Leased
VEH-0440,Van,Nexon-952,738.9,174.1,44,HUB-MYS,18/12/2019 00:00,42760.6,ACTIVE,DRV-0476,,2024-09-21 00:00:00,28-02-2025,Leased
VEH-0441,Van,Zenith-561,1188.9KG,169.8,41,HUB-AHM,2017-06-10 00:00:00,182778.4,Retired,DRV-0085,,15-04-2025,20-06-2025,Owned
VEH-0442,Van,Zenith-244,771.5 kg,295.7,41,HUB-HYD,26/09/2018 00:00,64255.7,Idle,DRV-0609,,2025-05-24 00:00:00,03-06-2025,Leased
VEH-0443,Van,Zenith-450,984.7,303.5,51,HUB-NAG,18/07/2023 00:00,20239.1,ACTIVE,DRV-0055,,17-05-2025,31-12-2023,3PL Partner
VEH-0444,Van,Kaveri-902,1127.0,201.0,51,HUB-GUW,16-10-2021,39512.1,Idle,DRV-0764,,18-03-2025,10-10-2025,Owned
VEH-0445,VAN,Nexon-722,742.4,389.2,49,HUB-VIS,08/12/2022 00:00,53247.2,active,DRV-0398,,04-03-2025,16-04-2025,3PL Partner
VEH-0446,Van,UrbanCraft-413,963.2,355.4,43,HUB-BEN,2021-10-28 00:00:00,105228.1,Idle,DRV-0262,,06-09-2024,25-12-2023,3PL Partner
VEH-0447,Van,Zenith-148,644.9,272.4,51,HUB-CHA,2023-08-18 00:00:00,17908.9,Active,DRV-0619,,22-03-2025,15-04-2025,Leased
VEH-0448,Van,Meridian-543,727.4 kg,314.2,51,HUB-MYS,2020-11-03 00:00:00,69342.0,ACTIVE,DRV-0816,,01-07-2025,12-08-2025,Owned
VEH-0449,Van,Aravind-249,1132.9,203.8,40,HUB-BEN,21/11/2021 00:00,182954.4,under maintenance,DRV-0321,,09-10-2024,26-11-2024,3PL Partner
VEH-0450,Van,Meridian-731,656.3KG,211.8,43,HUB-GUW,2019-11-12 00:00:00,9612.9,Idle,DRV-0437,,08-05-2025,22-03-2025,3PL Partner
VEH-0451,Van,Vayu-721,1003.1,174.5,49,HUB-JAI,16-10-2022,113249.2,Maintenance,DRV-0137,,22-05-2024,17-11-2023,Leased
VEH-0452,Van,Tamira-284,1132.2,304.7,51,HUB-NAG,08/03/2019 00:00,50518.8,Idle,DRV-0498,,10-12-2024,25-02-2024,3PL Partner
VEH-0453,Van,Tamira-828,919.7,341.4,40,HUB-BHU,19/10/2023 00:00,40811.7,Retired,DRV-0845,,2024-12-23 00:00:00,27-04-2024,3PL Partner
VEH-0454,Van,Vayu-980,1170.4,153.1,47,HUB-AHM,2019-04-25 00:00:00,178619.8,Active,DRV-0384,,09-08-2024,04-12-2024,Owned
VEH-0455,Van,Kaveri-431,552.0,337.9,44,HUB-KOL,09/06/2023 00:00,258938.0,ACTIVE,DRV-0724,,2024-03-01 00:00:00,24-03-2024,Owned
VEH-0456,Van,Zenith-465,1151.3 kg,323.0,51,HUB-PUN,12/02/2019 00:00,15168.7,Retired,DRV-0162,,09-06-2025,15-11-2025,3PL Partner
VEH-0457,Van,Kaveri-171,536.2,256.5,45,HUB-HYD,06/02/2021 00:00,74148.0,Retired,DRV-0269,,2024-05-11 00:00:00,03-04-2025,3PL Partner
VEH-0458,Van,Kaveri-569,522.5 kg,252.5,51,HUB-JAI,28/11/2019 00:00,216261.1,Maintenance,DRV-0895,,01-11-2024,16-10-2023,3PL Partner
VEH-0459,Van,Aravind-945,786.5,170.2,49,HUB-HYD,2020-10-29 00:00:00,69612.2,In Service,DRV-0317,,04-05-2025,20-11-2023,Owned
VEH-0460,Van,Aravind-961,469.8,164.3,48,HUB-CHA,17-11-2021,111108.6,Active,DRV-0059,,2025-01-08 00:00:00,26-01-2025,3PL Partner
VEH-0461,Van,Vayu-249,502.4 kg,392.4,41,HUB-BHU,2023-06-25 00:00:00,7050.4,active,DRV-0899,,2025-02-05 00:00:00,12-06-2024,3PL Partner
VEH-0462,Van,UrbanCraft-655,455.4,181.1,39,HUB-MYS,2021-07-04 00:00:00,147071.5,Active,DRV-0344,,2025-02-11 00:00:00,19-08-2025,3PL Partner
VEH-0463,Van,Zenith-437,1115.7,300.7,42,HUB-NAG,04-12-2019,112815.6,Active,DRV-0442,,22-04-2024,13-04-2024,Owned
VEH-0464,Van,Nexon-691,990.7,263.4,44,HUB-GUR,2023-02-23 00:00:00,40431.8,In Service,DRV-0016,,11-07-2024,17-12-2024,3PL Partner
VEH-0465,Van,Vayu-718,703.1,374.6,47,HUB-LUC,2021-08-23 00:00:00,979.2,In Service,DRV-0034,,2024-12-05 00:00:00,11-07-2025,Leased
VEH-0466,Van,Kaveri-901,765.0,188.9,39,HUB-MAD,16/04/2019 00:00,83316.0,Idle,DRV-0413,,29-03-2024,03-08-2025,Leased
VEH-0467,Van,Zenith-744,1151.8,269.9,47,HUB-MYS,06/01/2018 00:00,unknown,under maintenance,DRV-0297,,2024-12-11 00:00:00,23-10-2023,3PL Partner
VEH-0468,Van,Zenith-155,956.7,398.5,45,HUB-BEN,27-06-2022,35851.9,under maintenance,DRV-0857,,2024-09-17 00:00:00,18-12-2024,Owned
VEH-0469,Van,Nexon-768,853.3,339.0,42,HUB-DEL,2017-07-24 00:00:00,64173.9,ACTIVE,DRV-0260,,30-06-2024,06-09-2024,Leased
VEH-0470,Van,Vayu-821,709.4,304.7,51,HUB-AHM,03/04/2022 00:00,55842.5,Maintenance,DRV-0108,,2025-05-26 00:00:00,24-04-2025,Leased
VEH-0471,Van,Zenith-132,696.3 kg,185.3,44,HUB-JAI,16-07-2020,160831.7,Maintenance,DRV-0037,,2024-04-15 00:00:00,16-01-2024,Owned
VEH-0472,Van,Tamira-311,1115.3,393.7,44,HUB-COI,2019-08-24 00:00:00,228265.5,Active,DRV-0315,,2024-09-28 00:00:00,12-10-2024,Leased
VEH-0473,Van,Aravind-473,521.7,293.4,41,HUB-BHU,2020-04-05 00:00:00,48677.2,Retired,DRV-0144,,2025-03-18 00:00:00,16-08-2024,3PL Partner
VEH-0474,Van,Vayu-821,1103.0,-343.7,45,HUB-COI,07-04-2023,245590.8,Maintenance,DRV-0356,,28-04-2024,10-11-2025,Owned
VEH-0475,Van,Kaveri-884,589.0,240.6,45,HUB-HYD,12/11/2019 00:00,155319.0,Active,DRV-0424,,2025-04-25 00:00:00,08-12-2023,Leased
VEH-0476,Van,Tamira-181,740.1,313.4,41,HUB-VIS,12/08/2019 00:00,189990.0,Retired,DRV-0596,,2024-03-05 00:00:00,29-06-2025,Leased
VEH-0477,Van,Vayu-551,1107.0,272.3,41,HUB-MUM,05/07/2018 00:00,211270.3,under maintenance,DRV-0630,,2025-03-19 00:00:00,12-01-2024,Leased
VEH-0478,Van,Kaveri-789,870.1,346.5,45,HUB-KOC,16-06-2023,54348.4,ACTIVE,DRV-0415,,22-09-2024,28-05-2025,Owned
VEH-0479,Van,Vayu-207,714.7,378.5,42,HUB-AHM,21/12/2020 00:00,251069.1,In Service,DRV-0196,,2024-01-24 00:00:00,05-01-2024,Owned
VEH-0480,Van,Vayu-596,497.2,352.6,46,HUB-CHE,2023-05-24 00:00:00,128597.3,ACTIVE,DRV-0799,,2024-08-28 00:00:00,17-01-2025,3PL Partner
VEH-0481,Van,Aravind-978,1189.0,343.8,43,HUB-GUW,12/11/2022 00:00,213903.0,ACTIVE,DRV-0644,,2025-03-19 00:00:00,23-12-2024,Owned
VEH-0482,Van,Vayu-728,962.2,292.4,44,HUB-GUW,2019-07-07 00:00:00,168923.4,active,DRV-0262,,2025-06-30 00:00:00,10-12-2023,Owned
VEH-0483,Van,Aravind-978,472.8KG,219.8,44,HUB-KOL,2019-11-10 00:00:00,152766.8,In Service,DRV-0574,,15-11-2024,13-10-2023,Leased
VEH-0484,Van,Zenith-884,778.6,217.2,46,HUB-GUR,19-06-2019,237275.4,Idle,DRV-0332,,12-08-2024,28-11-2025,Owned
VEH-0485,Van,Zenith-206,1182.0 kg,398.8,42,HUB-VIS,06-01-2020,36586.2,under maintenance,DRV-0829,,2025-03-05 00:00:00,30-04-2025,Owned
VEH-0486,Van,Meridian-840,879.8 kg,277.5,48,HUB-MUM,04/05/2022 00:00,176374.0,active,DRV-0065,,2024-09-23 00:00:00,01-07-2025,Owned
VEH-0487,Van,Nexon-511,1137.0,351.0,50,HUB-CHE,2023-03-05 00:00:00,257041.5,Retired,DRV-0900,,13-01-2024,11-04-2025,3PL Partner
VEH-0488,Van,Zenith-119,886.5KG,391.9,45,HUB-BHU,24-04-2020,115138.1,Active,DRV-0108,,28-03-2025,08-10-2023,Owned
VEH-0489,Van,Meridian-470,544.8KG,204.4,44,HUB-NAG,13-02-2021,9121.0,Idle,DRV-0325,,01-05-2024,02-01-2024,Owned
VEH-0490,Van,Vayu-716,550.6KG,233.3,44,HUB-NAG,11/09/2018 00:00,146385.1,Maintenance,DRV-0657,,2025-01-20 00:00:00,10-11-2023,Leased
VEH-0491,Van,Aravind-670,900.0,338.5,44,HUB-CHA,28/01/2020 00:00,178330.4,Idle,DRV-0516,,26-05-2024,09-12-2024,Owned
VEH-0492,Van,Vayu-475,1116.9,368.3,40,HUB-LUC,17-11-2020,177529.0,active,DRV-0353,,2024-02-29 00:00:00,17-12-2023,3PL Partner
VEH-0493,Van,Meridian-280,955.9,152.7,40,HUB-DEL,06/04/2022 00:00,144861.6,Active,DRV-0745,,2024-03-27 00:00:00,19-03-2025,3PL Partner
VEH-0494,Van,Tamira-804,408.3 kg,297.2,49,HUB-BEN,2020-07-10 00:00:00,189391.1,under maintenance,DRV-0650,,08-08-2024,11-03-2025,Owned
VEH-0495,Van,Vayu-741,906.9,247.0,51,HUB-GUR,16-05-2020,123223.3,Retired,DRV-0669,,2024-10-30 00:00:00,01-04-2024,Owned
VEH-0496,Van,Aravind-123,893.3KG,312.6,51,HUB-VIS,2023-02-03 00:00:00,190668.8,Idle,DRV-0605,,2024-05-23 00:00:00,24-04-2024,Leased
VEH-0497,Van,Aravind-611,598.4,282.6,51,HUB-KOC,22/10/2017 00:00,155647.0,Maintenance,DRV-0546,,2025-05-03 00:00:00,12-07-2025,Owned
VEH-0498,Van,Kaveri-575,647.0 kg,235.3,49,HUB-LUC,21-02-2018,181651.5,under maintenance,DRV-0352,,2025-05-02 00:00:00,04-11-2024,3PL Partner
VEH-0499,Van,Zenith-534,1182.7,152.7,47,HUB-NAG,01/02/2020 00:00,9089.6,Active,DRV-0686,,2024-04-28 00:00:00,26-03-2025,Leased
VEH-0500,Van,Aravind-857,410.0,222.0,46,HUB-NAG,30-04-2020,63846.1,ACTIVE,DRV-0823,,2024-10-06 00:00:00,28-03-2025,Leased
VEH-0501,Van,Aravind-284,482.0,375.2,49,HUB-BEN,06-01-2023,null,active,DRV-0457,,2025-03-08 00:00:00,09-10-2025,3PL Partner
VEH-0502,Van,Nexon-374,492.4,333.0,42,HUB-CHA,28-12-2019,72333.8,active,DRV-0403,,2024-09-03 00:00:00,13-05-2024,Owned
VEH-0503,Van,UrbanCraft-440,1029.6,173.0,49,HUB-NAG,22/08/2020 00:00,111711.9,Retired,DRV-0396,,2024-08-31 00:00:00,22-03-2025,Leased
VEH-0504,Van,Aravind-720,573.0,233.6,50,HUB-BEN,2017-08-19 00:00:00,92273.8,Active,DRV-0131,,09-03-2024,22-12-2023,Leased
VEH-0505,Van,Vayu-319,502.5,327.5,48,HUB-GUR,30-11-2019,98016.1,Active,DRV-0760,,31-03-2025,12-10-2024,Owned
VEH-0506,Van,Tamira-194,512.8,227.7,50,HUB-COI,2023-01-05 00:00:00,NA,ACTIVE,DRV-0116,,17-07-2024,13-05-2025,Owned
VEH-0507,Van,Zenith-987,798.1 kg,175.3,45,HUB-CHE,25/10/2019 00:00,244631.1,Active,DRV-0634,,01-12-2024,15-01-2024,3PL Partner
VEH-0508,Van,Tamira-846,1104.3 kg,153.5,44,HUB-MAD,30-06-2018,104112.7,Idle,DRV-0014,,2025-02-19 00:00:00,27-11-2023,Leased
VEH-0509,Van,Nexon-883,426.2,232.5,40,HUB-GUR,19/09/2023 00:00,145149.8,In Service,DRV-0267,,2024-04-05 00:00:00,11-05-2024,3PL Partner
VEH-0510,Van,Meridian-812,810.1,206.7,44,HUB-BHU,21/01/2022 00:00,90458.1,Retired,DRV-0774,,2025-02-18 00:00:00,16-10-2025,Owned
VEH-0511,Van,Zenith-240,547.5 kg,270.7,43,HUB-MYS,2021-11-03 00:00:00,98486.5,In Service,DRV-0578,,2024-08-26 00:00:00,28-03-2024,Owned
VEH-0512,Van,Tamira-857,782.6,163.9,44,HUB-MAD,30-05-2021,33966.9,under maintenance,DRV-0852,,06-01-2024,09-01-2024,3PL Partner
VEH-0513,Van,Aravind-248,751.8,363.6,48,HUB-AHM,17-12-2022,167566.7,ACTIVE,DRV-0578,,15-03-2024,09-11-2023,Owned
VEH-0514,Van,Vayu-819,570.3KG,287.8,50,HUB-VIS,23-03-2018,201313.4,ACTIVE,DRV-0314,,30-05-2025,05-10-2023,Owned
VEH-0515,Van,Aravind-319,484.3 kg,368.6,46,HUB-AHM,2020-10-27 00:00:00,228616.9,under maintenance,DRV-0327,,09-05-2024,26-05-2024,Leased
VEH-0516,Van,Aravind-470,967.0,346.3,41,HUB-MYS,2021-03-21 00:00:00,105025.0,Idle,DRV-0080,,02-04-2025,18-04-2025,Leased
VEH-0517,Van,Nexon-739,1174.0,224.7,43,HUB-VIS,12-05-2019,96096.8,In Service,DRV-0029,,30-03-2025,28-05-2025,Owned
VEH-0518,Van,Nexon-727,1029.0 kg,374.4,48,HUB-BEN,25-02-2020,145025.0,ACTIVE,DRV-0643,,03-05-2024,14-07-2024,3PL Partner
VEH-0519,Van,Nexon-828,696.5 kg,381.2,51,HUB-AHM,06-11-2022,59104.4,Retired,DRV-0710,,28-11-2024,03-02-2024,Leased
VEH-0520,Van,Aravind-449,619.9,234.0,50,HUB-GUW,2019-06-19 00:00:00,236835.7,Maintenance,DRV-0033,,18-01-2024,11-10-2024,Owned
VEH-0521,Van,Meridian-679,770.0 kg,323.9,40,HUB-KOL,05/09/2022 00:00,256647.4,Maintenance,DRV-0618,,2024-07-06 00:00:00,03-07-2025,3PL Partner
VEH-0522,Van,Tamira-769,855.2,327.6,46,HUB-CHE,05-08-2019,219812.4,ACTIVE,DRV-0755,,2024-06-19 00:00:00,10-11-2023,Owned
VEH-0523,Van,Meridian-486,574.3KG,-279.9,48,HUB-DEL,29/03/2018 00:00,150725.8,Active,DRV-0774,,2024-10-03 00:00:00,29-09-2024,Owned
VEH-0524,Van,Nexon-175,738.2,311.8,42,HUB-PUN,04/02/2021 00:00,26649.3,Active,DRV-0335,,13-05-2024,30-10-2024,3PL Partner
VEH-0525,Van,Zenith-526,473.8,361.5,42,HUB-DEL,25-06-2022,162197.1,under maintenance,DRV-0475,,11-06-2024,28-11-2023,3PL Partner
VEH-0526,Van,Zenith-319,729.5,254.1,51,HUB-LUC,29-04-2020,227319.0,Idle,DRV-0263,,17-02-2024,26-06-2025,3PL Partner
VEH-0527,Van,Tamira-279,1030.3,303.1,49,HUB-AHM,2017-09-08 00:00:00,97171.4,Retired,DRV-0538,,2024-01-22 00:00:00,08-01-2024,3PL Partner
VEH-0528,Van,Nexon-969,740.3,282.5,48,HUB-GUR,11-09-2020,234949.6,Active,DRV-0153,,2024-07-16 00:00:00,29-11-2023,3PL Partner
VEH-0529,Van,Nexon-350,815.5,380.1,45,HUB-NAG,15/02/2020 00:00,71923.6,Retired,DRV-0249,,27-01-2025,30-01-2025,Leased
VEH-0530,Van,Kaveri-152,504.8,383.0,40,HUB-KOL,25-04-2018,250555.8,Active,DRV-0206,,2025-05-13 00:00:00,20-12-2024,Owned
VEH-0531,Van,UrbanCraft-416,602.9,285.3,43,HUB-CHA,10/04/2022 00:00,NA,under maintenance,DRV-0566,,2024-09-02 00:00:00,31-12-2024,3PL Partner
VEH-0532,Van,Vayu-940,1133.5 kg,274.4,39,HUB-CHA,2021-07-26 00:00:00,248789.2,active,DRV-0437,,2024-09-13 00:00:00,11-07-2025,Owned
VEH-0533,Van,UrbanCraft-200,463.8,188.6,40,HUB-PUN,2022-02-28 00:00:00,221616.9,Retired,DRV-0362,,29-02-2024,11-04-2025,3PL Partner
VEH-0534,VAN,Aravind-319,955.1,355.0,41,HUB-BHU,2023-10-14 00:00:00,26733.3,Maintenance,DRV-0153,,12-04-2024,17-04-2025,Leased
VEH-0535,Van,Tamira-911,1166.9 kg,232.8,46,HUB-GUR,15/10/2020 00:00,81379.3,active,DRV-0404,,17-12-2024,09-05-2025,Owned
VEH-0536,Van,Aravind-236,1144.6 kg,346.6,49,HUB-AHM,2021-12-25 00:00:00,212496.9,Retired,DRV-0421,,28-06-2024,13-11-2025,Owned
VEH-0537,Van,Vayu-528,666.6,368.6,41,HUB-COI,11/06/2020 00:00,62308.0,ACTIVE,DRV-0296,,26-01-2024,17-04-2025,3PL Partner
VEH-0538,Van,Kaveri-490,662.0,340.7,44,HUB-HYD,2017-12-13 00:00:00,33903.4,Maintenance,DRV-0270,,23-04-2025,01-12-2025,Leased
VEH-0539,Van,Nexon-460,412.5,341.4,40,HUB-DEL,30-09-2018,248302.0,active,DRV-0605,,2024-03-15 00:00:00,26-10-2025,3PL Partner
VEH-0540,Van,Tamira-842,1055.9,176.9,45,HUB-AHM,2018-05-07 00:00:00,196639.0,Maintenance,DRV-0618,,18-02-2024,08-12-2023,3PL Partner
VEH-0541,Van,Meridian-688,690.2,364.8,47,HUB-COI,2018-11-25 00:00:00,178866.6,under maintenance,DRV-0002,,2025-05-17 00:00:00,08-05-2024,3PL Partner
VEH-0542,van,Tamira-273,1073.3,294.3,44,HUB-LUC,31/05/2022 00:00,241084.3,Idle,DRV-0322,,2025-01-12 00:00:00,12-06-2025,3PL Partner
VEH-0543,Van,Aravind-311,745.2 kg,245.1,41,HUB-JAI,24/10/2022 00:00,  ,ACTIVE,DRV-0235,,2025-06-14 00:00:00,12-07-2024,Owned
VEH-0544,Van,UrbanCraft-441,821.2,180.3,45,HUB-KOL,06/06/2017 00:00,135012.9,Idle,DRV-0073,,07-01-2024,01-09-2024,Leased
VEH-0545,Van,Meridian-886,430.9,381.9,50,HUB-AHM,22/08/2018 00:00,null,Active,DRV-0839,,18-05-2024,18-07-2025,Leased
VEH-0546,Van,Kaveri-529,524.5,351.3,50,HUB-PUN,21-01-2020,161937.0,Maintenance,DRV-0711,,2024-03-16 00:00:00,05-07-2024,Leased
VEH-0547,Van,Tamira-603,1124.6,276.5,39,HUB-COI,2018-05-24 00:00:00,36625.2,ACTIVE,DRV-0149,,19-03-2025,27-06-2024,3PL Partner
VEH-0548,Van,UrbanCraft-535,807.5,306.1,45,HUB-GUR,20-05-2020,,Maintenance,DRV-0367,,19-04-2024,23-08-2024,Leased
VEH-0549,Van,Meridian-815,432.4,239.4,49,HUB-GUW,2023-08-31 00:00:00,215462.1,In Service,DRV-0225,,2024-09-22 00:00:00,29-11-2024,3PL Partner
VEH-0550,Van,Nexon-626,657.5KG,179.8,45,HUB-GUW,02/10/2017 00:00,251813.2,In Service,DRV-0793,,04-04-2025,12-05-2024,Leased
VEH-0551,Van,Zenith-196,530.7,168.7,50,HUB-PUN,2021-02-23 00:00:00,18229.2,Active,DRV-0083,,2024-08-31 00:00:00,05-12-2023,Owned
VEH-0552,Van,UrbanCraft-641,602.6,259.2,39,HUB-HYD,23/03/2022 00:00,164391.1,ACTIVE,DRV-0262,,2024-11-20 00:00:00,06-10-2025,Owned
VEH-0553,Van,Nexon-783,730.5,163.7,44,HUB-AHM,13-07-2017,97310.6,Retired,DRV-0647,,12-11-2024,06-06-2025,3PL Partner
VEH-0554,Van,Kaveri-944,655.6 kg,153.4,47,HUB-BEN,28/01/2019 00:00,75187.0,Maintenance,DRV-0849,,2024-03-13 00:00:00,08-12-2023,Leased
VEH-0555,Van,Kaveri-896,772.5,197.3,42,HUB-KOC,10-12-2021,75983.3,under maintenance,DRV-0396,,2024-11-27 00:00:00,11-04-2024,Owned
VEH-0556,Van,UrbanCraft-477,723.0,315.9,43,HUB-GUR,01/11/2017 00:00,175743.3,ACTIVE,DRV-0097,,26-07-2024,07-02-2025,Owned
VEH-0557,Van,Zenith-975,420.8,337.3,45,HUB-COI,20/03/2018 00:00,154393.0,In Service,DRV-0740,,2024-02-20 00:00:00,21-06-2024,3PL Partner
VEH-0558,Van,Zenith-720,1088.3 kg,160.3,50,HUB-MUM,20-03-2019,66651.6,In Service,DRV-0638,,2024-10-14 00:00:00,31-08-2025,Leased
VEH-0559,Van,Kaveri-756,1042.0KG,274.3,43,HUB-BEN,04/10/2018 00:00,53202.4,Maintenance,DRV-0642,,2024-10-03 00:00:00,13-06-2025,Leased
VEH-0560,Van,Nexon-838,403.5,387.2,48,HUB-LUC,2017-09-10 00:00:00,33239.3,Active,DRV-0631,,14-10-2024,01-10-2024,Owned
VEH-0561,Van,Tamira-805,799.7,304.2,43,HUB-KOL,2021-01-24 00:00:00,91013.4,ACTIVE,DRV-0537,,25-10-2024,03-11-2025,3PL Partner
VEH-0562,Van,UrbanCraft-837,908.9,199.6,47,HUB-MYS,14-01-2021,92985.5,Active,DRV-0760,,2025-05-11 00:00:00,29-08-2024,3PL Partner
VEH-0563,Van,Aravind-837,1059.6 kg,175.8,44,HUB-MYS,21/07/2017 00:00,119768.3,active,DRV-0077,,02-12-2024,06-06-2025,Owned
VEH-0564,Van,UrbanCraft-782,1127.4 kg,237.7,49,HUB-LUC,2020-03-04 00:00:00,75617.0,Idle,DRV-0605,,11-05-2024,27-11-2025,Owned
VEH-0565,Van,UrbanCraft-565,422.0,210.9,49,HUB-CHA,22/05/2020 00:00,9557.1,under maintenance,DRV-0434,,16-05-2024,11-12-2023,Leased
VEH-0566,Van,Nexon-346,1099.8,272.4,44,HUB-GUR,2017-07-25 00:00:00,62448.5,Retired,DRV-0577,,29-07-2024,12-12-2024,Owned
VEH-0567,Van,Zenith-431,741.7 kg,219.3,41,HUB-DEL,13/02/2022 00:00,141353.0,Maintenance,DRV-0072,,2025-07-02 00:00:00,26-08-2024,3PL Partner
VEH-0568,Van,Zenith-412,606.9,-342.1,45,HUB-AHM,21/01/2020 00:00,82322.2,Active,DRV-0069,,2024-10-09 00:00:00,27-04-2024,Leased
VEH-0569,Van,Kaveri-521,914.7,256.2,49,HUB-KOC,13/12/2018 00:00,null,Maintenance,DRV-0711,,2024-04-19 00:00:00,17-12-2024,Owned
VEH-0570,Van,Vayu-729,666.1,343.3,43,HUB-MUM,2020-08-12 00:00:00,90676.8,ACTIVE,DRV-0437,,2024-03-02 00:00:00,18-04-2024,Owned
VEH-0571,Van,Nexon-489,512.4,377.6,50,HUB-AHM,11/02/2019 00:00,251517.5,ACTIVE,DRV-0013,,2024-08-01 00:00:00,07-02-2024,3PL Partner
VEH-0572,Van,Meridian-706,1125.2,293.6,46,HUB-KOC,07-10-2022,149573.3,active,DRV-0665,,2024-01-17 00:00:00,28-09-2024,Owned
VEH-0573,Van,Vayu-392,400.3,359.8,48,HUB-PUN,2019-08-08 00:00:00,88600.2,Maintenance,DRV-0079,,2024-07-17 00:00:00,09-10-2023,3PL Partner
VEH-0574,Van,Kaveri-691,831.2,357.3,44,HUB-MAD,13/09/2019 00:00,11114.3,under maintenance,DRV-0387,,2024-04-29 00:00:00,18-12-2023,Owned
VEH-0575,Van,Tamira-527,916.2,188.4,50,HUB-CHE,11/04/2023 00:00,70854.7,Idle,DRV-0047,,11-04-2025,06-01-2025,Leased
VEH-0576,Van,Aravind-331,792.4,180.0,47,HUB-MAD,20/09/2023 00:00,172811.3,under maintenance,DRV-0871,,01-02-2025,25-07-2025,Leased
VEH-0577,VAN,Meridian-806,900.3,265.9,49,HUB-MYS,2018-10-27 00:00:00,233747.4,under maintenance,DRV-0201,,16-10-2024,29-07-2024,Owned
VEH-0578,Van,Meridian-564,944.9,261.5,46,HUB-GUR,28/11/2019 00:00,228542.0,Maintenance,DRV-0729,,13-04-2025,13-08-2025,Leased
VEH-0579,Van,Meridian-226,954.2KG,309.4,50,HUB-PUN,24/08/2022 00:00,143753.6,Active,DRV-0037,,23-11-2024,11-07-2024,3PL Partner
VEH-0580,Van,Tamira-388,1002.7,256.9,48,HUB-LUC,30-04-2021,183273.4,Active,DRV-0184,,2024-12-19 00:00:00,16-04-2024,Leased
VEH-0581,Truck,Aravind-690,14176.3 kg,1642.2,47,HUB-GUR,05-06-2019,144967.3,ACTIVE,DRV-0549,,2025-06-23 00:00:00,08-01-2024,3PL Partner
VEH-0582,Truck,Meridian-299,4921.5,1810.0,51,HUB-NAG,08/03/2021 00:00,NA,Retired,DRV-0231,,21-01-2025,18-05-2025,Owned
VEH-0583,Truck,Nexon-129,13637.9 kg,1069.7,56,HUB-GUW,24-08-2022,182295.6,Retired,DRV-0470,,2025-02-25 00:00:00,17-11-2025,3PL Partner
VEH-0584,Truck,Tamira-759,3268.4,1175.2,47,HUB-NAG,05/09/2017 00:00,177237.3,Maintenance,DRV-0780,,26-10-2024,24-05-2024,3PL Partner
VEH-0585,Truck,Vayu-631,12039.6,2100.8,54,HUB-DEL,28-11-2021,208970.5,Retired,DRV-0584,,27-07-2024,01-08-2024,Leased
VEH-0586,Truck,Zenith-886,13245.0KG,1986.1,58,HUB-HYD,14/07/2019 00:00,90718.5,Active,DRV-0335,,04-07-2024,27-01-2025,Leased
VEH-0587,truck,Kaveri-892,4691.8KG,585.9,52,HUB-HYD,2017-07-07 00:00:00,178054.9,In Service,DRV-0900,,05-12-2024,04-02-2024,Leased
VEH-0588,Truck,UrbanCraft-678,8311.1 kg,763.9,46,HUB-GUR,02/04/2019 00:00,5573.8,Idle,DRV-0209,,2024-06-21 00:00:00,18-08-2025,Leased
VEH-0589,Truck,Nexon-473,16057.3 kg,2171.5,46,HUB-BHU,26-06-2023,137281.5,Retired,DRV-0325,,2024-07-18 00:00:00,03-07-2024,Leased
VEH-0590,Truck,Nexon-414,17873.6,1458.6,57,HUB-GUW,2018-09-19 00:00:00,160207.5,under maintenance,DRV-0761,,2024-05-16 00:00:00,07-08-2025,3PL Partner
VEH-0591,Truck,UrbanCraft-582,17477.0,1279.2,51,HUB-NAG,2018-11-28 00:00:00,166636.1,Maintenance,DRV-0366,,2025-03-29 00:00:00,12-01-2025,Owned
VEH-0592,Truck,UrbanCraft-545,16855.5,805.9,46,HUB-MUM,2020-11-25 00:00:00,15283.2,under maintenance,DRV-0476,,27-06-2025,29-11-2023,Owned
VEH-0593,Truck,UrbanCraft-434,10728.2 kg,690.4,50,HUB-HYD,08-06-2021,111566.3,In Service,DRV-0443,,2024-01-07 00:00:00,14-04-2024,Leased
VEH-0594,Truck,Zenith-156,15403.4,1991.3,56,HUB-CHE,21-03-2021,18944.3,Active,DRV-0150,,2024-10-31 00:00:00,01-06-2024,Leased
VEH-0595,TRUCK,Zenith-495,8081.6 kg,1973.9,58,HUB-MYS,18-06-2022,38866.8,Active,DRV-0091,,13-02-2025,15-08-2025,Leased
VEH-0596,Truck,Zenith-130,12877.2,1047.1,58,HUB-NAG,27-05-2022,13480.7,Maintenance,DRV-0648,,2024-10-18 00:00:00,20-07-2024,Leased
VEH-0597,Truck,Meridian-122,17630.6 kg,1939.1,50,HUB-GUW,2022-12-29 00:00:00,31814.4,Active,DRV-0246,,09-02-2024,16-03-2025,Owned
VEH-0598,Truck,Meridian-116,11852.5KG,1353.5,48,HUB-AHM,08-11-2021,149009.5,Maintenance,DRV-0228,,2024-07-06 00:00:00,13-05-2024,3PL Partner
VEH-0599,Truck,UrbanCraft-309,14301.9,1063.5,47,HUB-PUN,01-08-2022,33213.4,Active,DRV-0784,,2024-04-14 00:00:00,29-06-2025,Leased
VEH-0600,Truck,Meridian-406,12755.5,538.6,57,HUB-CHA,2020-10-03 00:00:00,140727.3,active,DRV-0799,,03-08-2024,31-08-2025,3PL Partner
VEH-0601,Truck,Nexon-838,8439.3,1111.9,57,HUB-GUW,14-07-2020,79910.4,under maintenance,DRV-0024,,2024-02-13 00:00:00,31-05-2024,3PL Partner
VEH-0602,Truck,Nexon-875,6744.9KG,2150.8,53,HUB-GUW,2021-05-11 00:00:00,126308.2,Idle,DRV-0150,,23-10-2024,06-05-2024,Owned
VEH-0603,Truck,Vayu-242,6011.6KG,1547.7,49,HUB-JAI,10-09-2021,164194.2,Maintenance,DRV-0542,,25-01-2025,25-01-2025,3PL Partner
VEH-0604,Truck,Meridian-497,8204.0,959.5,47,HUB-GUW,2020-07-09 00:00:00,  ,In Service,DRV-0105,,26-12-2024,03-10-2023,3PL Partner
VEH-0605,Truck,Kaveri-126,5733.1,1672.8,52,HUB-PUN,2021-05-01 00:00:00,37862.2,Active,DRV-0837,,2025-06-18 00:00:00,27-03-2025,Owned
VEH-0606,Truck,Meridian-523,10620.7 kg,1682.5,57,HUB-LUC,14/03/2019 00:00,241631.6,Idle,DRV-0627,,2024-06-08 00:00:00,31-01-2024,Owned
VEH-0607,Truck,Nexon-560,3129.7 kg,1384.8,49,HUB-CHE,17/05/2018 00:00,133710.7,ACTIVE,DRV-0457,,12-05-2024,10-01-2025,Owned
VEH-0608,Truck,Tamira-541,5403.3KG,1499.0,47,HUB-LUC,25/08/2022 00:00,141119.6,under maintenance,DRV-0195,,08-09-2024,05-09-2024,3PL Partner
VEH-0609,Truck,UrbanCraft-709,15991.4,1550.4,49,HUB-DEL,09/11/2020 00:00,208174.9,Idle,DRV-0871,,2025-04-23 00:00:00,12-04-2025,3PL Partner
VEH-0610,Truck,Tamira-672,9078.5,1802.8,53,HUB-GUW,2021-07-16 00:00:00,228374.6,Active,DRV-0581,,2025-02-26 00:00:00,27-09-2025,Leased
VEH-0611,Truck,Meridian-103,10062.9,1574.8,56,HUB-CHE,11/05/2020 00:00,226411.1,In Service,DRV-0624,,2024-09-26 00:00:00,16-12-2023,3PL Partner
VEH-0612,Truck,Nexon-335,14471.8 kg,1481.5,50,HUB-CHA,2022-02-15 00:00:00,78998.3,Retired,DRV-0813,,22-01-2024,26-10-2023,3PL Partner
VEH-0613,Truck,Tamira-807,11397.3,990.3,58,HUB-COI,07-06-2020,unknown,ACTIVE,DRV-0638,,2025-02-14 00:00:00,13-07-2025,3PL Partner
VEH-0614,Truck,UrbanCraft-892,17807.3,1309.1,49,HUB-KOC,2018-08-03 00:00:00,153051.2,ACTIVE,DRV-0484,,02-07-2024,04-01-2024,3PL Partner
VEH-0615,Truck,Vayu-340,15146.6,1017.5,54,HUB-MAD,12-04-2018,56248.9,In Service,DRV-0094,,20-06-2025,21-09-2024,Owned
VEH-0616,Truck,Tamira-290,17899.3,830.4,53,HUB-AHM,28-10-2022,84591.2,ACTIVE,DRV-0877,,2024-06-11 00:00:00,21-09-2024,Owned
VEH-0617,Truck,Meridian-634,12747.1,1954.3,55,HUB-NAG,2018-01-19 00:00:00,64673.5,Maintenance,DRV-0589,,13-05-2024,21-06-2025,Owned
VEH-0618,Truck,Tamira-546,14396.1,1641.0,49,HUB-NAG,25/03/2021 00:00,110801.6,Idle,DRV-0606,,11-12-2024,05-03-2024,3PL Partner
VEH-0619,TRUCK,Aravind-578,17622.7,1634.3,46,HUB-VIS,2020-09-14 00:00:00,143012.2,Retired,DRV-0737,,20-10-2024,04-12-2023,3PL Partner
VEH-0620,Truck,Tamira-745,13700.7,-1122.1,47,HUB-MYS,24-05-2021,71224.1,In Service,DRV-0005,,2024-08-10 00:00:00,14-11-2024,Leased
VEH-0621,truck,UrbanCraft-952,17780.5,1623.8,47,HUB-DEL,10/05/2020 00:00,19698.6,Maintenance,DRV-0604,,02-08-2024,21-09-2024,Leased
VEH-0622,Truck,Aravind-965,4849.8KG,1543.2,50,HUB-AHM,15-09-2019,55407.7,ACTIVE,DRV-0895,,2024-02-26 00:00:00,09-11-2025,Owned
VEH-0623,Truck,Tamira-169,7186.2,1122.3,56,HUB-NAG,11-08-2018,214586.9,Maintenance,DRV-0719,,07-06-2025,10-12-2024,Leased
VEH-0624,Truck,Tamira-108,10074.4 kg,2139.4,47,HUB-DEL,05-03-2019,94979.0,ACTIVE,DRV-0848,,2024-03-25 00:00:00,23-12-2024,Leased
VEH-0625,Truck,Tamira-685,14235.2,993.5,58,HUB-MAD,23/04/2021 00:00,205996.6,In Service,DRV-0079,,18-04-2025,26-04-2024,3PL Partner
VEH-0626,Truck,Kaveri-324,17382.6,693.4,46,HUB-BHU,27-07-2022,252535.0,under maintenance,DRV-0058,,14-09-2024,14-11-2025,3PL Partner
VEH-0627,Truck,Aravind-275,11053.6,838.1,54,HUB-CHA,2019-06-30 00:00:00,201840.2,active,DRV-0131,,2024-09-19 00:00:00,26-11-2025,Leased
VEH-0628,Truck,Nexon-480,7235.9,2172.1,57,HUB-COI,2023-09-26 00:00:00,184033.2,under maintenance,DRV-0718,,2024-12-29 00:00:00,22-07-2025,3PL Partner
VEH-0629,Truck,Vayu-673,8027.6,1442.4,52,HUB-GUW,13/07/2017 00:00,21780.9,Active,DRV-0505,,30-09-2024,29-12-2023,Leased
VEH-0630,Truck,Meridian-823,14485.2,878.0,46,HUB-MAD,2019-03-04 00:00:00,100924.8,ACTIVE,DRV-0072,,10-06-2024,17-06-2024,Leased
VEH-0631,Truck,Vayu-406,15347.5,1246.6,46,HUB-BEN,06-09-2021,218097.4,Maintenance,DRV-0836,,20-11-2024,01-07-2025,Owned
VEH-0632,Truck,Vayu-478,12995.0,1127.9,55,HUB-BHU,24/03/2023 00:00,217870.6,Retired,DRV-0844,,17-06-2025,08-04-2025,Leased
VEH-0633,Truck,Tamira-959,5247.3KG,756.0,47,HUB-KOL,19-06-2018,148074.3,Maintenance,DRV-0303,,18-01-2025,21-10-2025,3PL Partner
VEH-0634,truck,UrbanCraft-942,7315.8,1569.7,55,HUB-CHE,26/06/2019 00:00,199922.5,Maintenance,DRV-0693,,2024-05-08 00:00:00,14-06-2025,Leased
VEH-0635,Truck,Kaveri-318,10414.1 kg,1304.9,56,HUB-BHU,04-09-2017,61903.1,under maintenance,DRV-0713,,2024-04-23 00:00:00,01-12-2023,3PL Partner
VEH-0636,Truck,UrbanCraft-267,9673.1,522.8,56,HUB-MUM,16-02-2018,90069.0,In Service,DRV-0753,,2025-03-16 00:00:00,20-01-2025,Leased
VEH-0637,Truck,Zenith-724,10199.9,2003.1,52,HUB-MYS,14-09-2021,184929.8,In Service,DRV-0706,,2024-11-26 00:00:00,19-09-2024,Owned
VEH-0638,Truck,Meridian-847,15599.8 kg,1737.6,49,HUB-NAG,19-07-2020,215566.1,Maintenance,DRV-0276,,2025-01-17 00:00:00,31-08-2025,Leased
VEH-0639,Truck,Aravind-529,3500.9,746.1,49,HUB-BHU,09-09-2018,128452.0,under maintenance,DRV-0134,,10-06-2025,08-05-2025,3PL Partner
VEH-0640,Truck,Nexon-987,14657.3,1288.9,52,HUB-AHM,2021-09-12 00:00:00,163238.5,Retired,DRV-0144,,12-05-2024,18-11-2024,3PL Partner
VEH-0641,Truck,UrbanCraft-234,14798.0,2017.2,53,HUB-BHU,27/04/2022 00:00,171727.3,Active,DRV-0013,,2024-03-11 00:00:00,06-09-2024,Owned
VEH-0642,Truck,Meridian-283,17793.4 kg,2198.9,53,HUB-LUC,2018-08-03 00:00:00,10465.0,active,DRV-0099,,24-07-2024,19-07-2025,3PL Partner
VEH-0643,Truck,Kaveri-692,9058.0,632.9,51,HUB-MYS,11-08-2023,243479.3,In Service,DRV-0569,,16-05-2025,06-11-2023,3PL Partner
VEH-0644,Truck,Vayu-235,15695.1,1224.6,53,HUB-LUC,25/07/2023 00:00,16805.8,active,DRV-0135,,2024-03-10 00:00:00,24-04-2025,3PL Partner
VEH-0645,Truck,Meridian-985,3292.8,530.6,48,HUB-MUM,06-05-2019,24588.6,active,DRV-0035,,2025-05-26 00:00:00,25-10-2023,Owned
VEH-0646,Truck,Aravind-257,11234.7,1114.6,56,HUB-KOL,29/01/2019 00:00,108817.9,Retired,DRV-0105,,13-03-2024,15-05-2024,3PL Partner
VEH-0647,Truck,Meridian-617,15083.1 kg,1156.0,51,HUB-LUC,2020-02-28 00:00:00,122701.3,active,DRV-0170,,2024-06-24 00:00:00,05-10-2024,3PL Partner
VEH-0648,Truck,Tamira-589,12992.9,515.4,57,HUB-BEN,16/04/2020 00:00,115759.5,Active,DRV-0497,,2024-01-01 00:00:00,06-01-2025,3PL Partner
VEH-0649,Truck,Aravind-520,9790.4 kg,995.7,47,HUB-KOC,2020-09-25 00:00:00,222801.7,ACTIVE,DRV-0531,,09-01-2025,01-09-2025,Owned
VEH-0650,Truck,Nexon-294,12259.9 kg,827.2,57,HUB-PUN,2023-10-14 00:00:00,55458.1,Idle,DRV-0441,,15-05-2025,27-10-2025,3PL Partner
VEH-0651,Truck,Tamira-671,8437.5 kg,957.2,51,HUB-CHA,20-10-2022,243947.8,ACTIVE,DRV-0642,,2024-11-14 00:00:00,14-09-2025,Leased
VEH-0652,Truck,Zenith-368,16887.6,936.8,57,HUB-CHA,06/07/2023 00:00,185371.4,In Service,DRV-0235,,09-05-2024,25-07-2025,Owned
VEH-0653,Truck,Kaveri-957,8793.4,698.7,50,HUB-COI,2017-08-24 00:00:00,-,ACTIVE,DRV-0519,,2024-03-24 00:00:00,10-12-2024,3PL Partner
VEH-0654,Truck,Tamira-181,11554.6,-1078.1,50,HUB-JAI,31-08-2020,197671.5,In Service,DRV-0572,,2024-12-21 00:00:00,09-03-2024,3PL Partner
VEH-0655,Truck,Aravind-734,10054.7,1029.5,54,HUB-COI,2021-07-17 00:00:00,110789.4,Idle,DRV-0239,,03-05-2025,15-10-2023,Leased
VEH-0656,TRUCK,Aravind-302,5088.1,852.9,54,HUB-NAG,2021-03-26 00:00:00,194548.5,active,DRV-0673,,10-05-2024,12-06-2024,Leased
VEH-0657,Truck,Meridian-403,9943.9,1121.8,49,HUB-DEL,12/06/2023 00:00,1141.4,In Service,DRV-0438,,28-02-2024,12-09-2024,Owned
VEH-0658,Truck,Zenith-157,6727.5,2045.0,54,HUB-DEL,11/07/2020 00:00,null,under maintenance,DRV-0061,,07-07-2024,28-02-2025,3PL Partner
VEH-0659,Truck,UrbanCraft-907,17011.7KG,521.4,53,HUB-GUR,2022-12-05 00:00:00,116800.1,Active,DRV-0097,,15-06-2024,30-06-2025,Owned
VEH-0660,Truck,Tamira-468,3833.9,1579.0,49,HUB-MUM,2018-07-30 00:00:00,175146.8,active,DRV-0561,,2024-02-18 00:00:00,18-10-2024,3PL Partner
VEH-0661,Truck,Kaveri-909,3960.5,750.6,57,HUB-CHE,20/05/2018 00:00,unknown,Retired,DRV-0729,,2024-10-17 00:00:00,26-10-2025,Owned
VEH-0662,Truck,Vayu-319,4059.7 kg,1508.8,49,HUB-CHA,02/10/2019 00:00,24590.7,Retired,DRV-0729,,2025-01-01 00:00:00,24-01-2025,Leased
VEH-0663,Truck,Tamira-458,4035.2,1125.0,49,HUB-CHE,01/10/2020 00:00,254100.3,active,DRV-0688,,2024-06-08 00:00:00,28-05-2024,Owned
VEH-0664,Truck,Nexon-923,14906.3 kg,2141.2,56,HUB-KOL,09-07-2020,101505.5,under maintenance,DRV-0042,,2025-05-19 00:00:00,03-04-2024,Leased
VEH-0665,Truck,Tamira-552,4454.9,1909.7,49,HUB-VIS,2018-05-03 00:00:00,215445.6,active,DRV-0134,,2024-07-14 00:00:00,17-08-2025,Leased
VEH-0666,Truck,Aravind-851,14437.3,868.6,56,HUB-AHM,28-12-2019,250084.1,under maintenance,DRV-0721,,08-10-2024,04-10-2025,3PL Partner
VEH-0667,Truck,Aravind-620,12135.5,797.1,47,HUB-HYD,2021-11-23 00:00:00,249376.6,Active,DRV-0639,,11-04-2025,20-06-2024,Leased
VEH-0668,Truck,Vayu-222,13493.9,1901.4,51,HUB-DEL,08/08/2019 00:00,95533.5,active,DRV-0247,,2025-04-08 00:00:00,22-06-2024,Leased
VEH-0669,Truck,Vayu-506,9335.1 kg,1126.1,46,HUB-KOL,28-08-2017,64034.1,Retired,DRV-0118,,14-01-2025,18-04-2025,Owned
VEH-0670,Truck,Zenith-763,10307.2KG,1484.4,51,HUB-NAG,15/08/2017 00:00,243467.4,Maintenance,DRV-0674,,20-04-2025,14-10-2025,3PL Partner
VEH-0671,truck,Kaveri-201,15350.1KG,1062.3,58,HUB-LUC,2022-06-16 00:00:00,93211.4,In Service,DRV-0786,,23-12-2024,27-11-2024,3PL Partner
VEH-0672,Truck,Nexon-824,5995.2 kg,685.5,51,HUB-LUC,29/09/2022 00:00,47340.5,Idle,DRV-0592,,02-08-2024,25-01-2024,Owned
VEH-0673,Truck,Tamira-892,13979.8,646.8,52,HUB-AHM,2018-12-23 00:00:00,80141.9,In Service,DRV-0695,,2024-09-02 00:00:00,20-01-2025,3PL Partner
VEH-0674,Truck,Tamira-888,13439.5 kg,757.3,54,HUB-MAD,19/06/2020 00:00,212530.6,ACTIVE,DRV-0695,,2024-05-05 00:00:00,22-04-2024,3PL Partner
VEH-0675,Truck,Aravind-661,13294.9,1490.2,56,HUB-PUN,2021-02-21 00:00:00,57356.9,ACTIVE,DRV-0035,,2024-06-12 00:00:00,22-03-2025,Owned
VEH-0676,Truck,UrbanCraft-264,15363.7 kg,1554.3,53,HUB-MUM,2018-11-10 00:00:00,197376.1,active,DRV-0653,,2024-05-23 00:00:00,15-08-2024,Owned
VEH-0677,Truck,Aravind-909,15053.8,738.0,56,HUB-LUC,2018-01-29 00:00:00,82255.0,active,DRV-0897,,28-01-2025,07-08-2025,Leased
VEH-0678,Truck,UrbanCraft-335,10609.4,1375.6,55,HUB-KOL,2021-11-27 00:00:00,106909.7,Maintenance,DRV-0742,,2024-02-26 00:00:00,02-11-2024,Leased
VEH-0679,Truck,Zenith-911,17301.2,1122.9,51,HUB-HYD,08/08/2020 00:00,10648.1,Maintenance,DRV-0166,,16-12-2024,18-08-2024,Owned
VEH-0680,Truck,UrbanCraft-159,13295.5,1792.5,52,HUB-DEL,08/07/2023 00:00,46585.7,Retired,DRV-0454,,2025-07-01 00:00:00,28-08-2025,Owned
VEH-0681,Truck,Aravind-812,6252.1,1381.5,48,HUB-MUM,17/12/2021 00:00,251867.1,under maintenance,DRV-0827,,2025-01-21 00:00:00,10-10-2023,3PL Partner
VEH-0682,Truck,Kaveri-477,17572.8,896.9,50,HUB-GUR,11/09/2022 00:00,247007.1,Retired,DRV-0227,,2024-10-09 00:00:00,06-08-2025,3PL Partner
VEH-0683,Truck,Tamira-670,4115.0,1837.3,57,HUB-GUW,07-02-2018,247311.6,In Service,DRV-0126,,2024-01-29 00:00:00,28-05-2025,Leased
VEH-0684,Truck,Meridian-583,11355.4,1890.6,57,HUB-CHE,14/12/2018 00:00,208270.4,Retired,DRV-0758,,05-01-2024,15-07-2024,3PL Partner
VEH-0685,TRUCK,Meridian-578,5775.5,769.2,55,HUB-BEN,10-06-2023,45208.3,In Service,DRV-0421,,2024-10-29 00:00:00,20-07-2025,Owned
VEH-0686,Truck,Meridian-369,16048.6,1082.2,58,HUB-HYD,2018-10-28 00:00:00,117113.3,Idle,DRV-0058,,2024-11-22 00:00:00,12-10-2023,3PL Partner
VEH-0687,Truck,Kaveri-799,10991.5,1532.7,58,HUB-MUM,14/07/2018 00:00,82866.7,Idle,DRV-0889,,19-09-2024,08-08-2024,Leased
VEH-0688,Truck,Nexon-780,12973.2,1936.9,51,HUB-MYS,2020-01-10 00:00:00,94661.8,ACTIVE,DRV-0525,,03-11-2024,07-09-2025,Leased
VEH-0689,Truck,UrbanCraft-139,13835.0,1020.5,47,HUB-KOL,13-11-2018,147921.8,Maintenance,DRV-0753,,2025-03-22 00:00:00,06-12-2023,3PL Partner
VEH-0690,Truck,UrbanCraft-198,3212.2,1808.6,55,HUB-DEL,23-06-2017,,ACTIVE,DRV-0105,,07-10-2024,09-12-2023,3PL Partner
VEH-0691,Truck,Vayu-336,11521.9,647.1,52,HUB-LUC,2023-09-04 00:00:00,227553.7,active,DRV-0005,,2025-06-11 00:00:00,14-05-2024,Leased
VEH-0692,Truck,Vayu-316,10764.6KG,1275.5,48,HUB-LUC,09/11/2021 00:00,150994.2,active,DRV-0386,,2024-12-12 00:00:00,13-10-2023,Owned
VEH-0693,TRUCK,Kaveri-344,11889.0,1015.8,51,HUB-VIS,15-01-2021,235424.3,Retired,DRV-0182,,19-06-2024,24-11-2023,Leased
VEH-0694,Truck,Zenith-334,10537.2KG,-1447.8,54,HUB-CHE,2019-04-02 00:00:00,238523.4,Idle,DRV-0019,,31-05-2025,12-05-2025,Owned
VEH-0695,Truck,Kaveri-444,13050.3,605.8,55,HUB-BEN,17-03-2022,168639.6,In Service,DRV-0259,,2024-12-30 00:00:00,22-11-2025,Leased
VEH-0696,Truck,Nexon-393,17137.0KG,1407.7,57,HUB-CHE,08/01/2023 00:00,151708.3,Active,DRV-0788,,2024-06-25 00:00:00,26-03-2025,3PL Partner
VEH-0697,Truck,Nexon-360,4638.0,1659.5,54,HUB-JAI,2020-10-26 00:00:00,,Active,DRV-0427,,18-07-2024,06-08-2025,Owned
VEH-0698,Truck,Kaveri-175,12270.0,1634.5,52,HUB-PUN,20/12/2018 00:00,111177.6,active,DRV-0702,,31-12-2024,28-03-2025,Owned
VEH-0699,Truck,Tamira-515,11100.4,950.6,53,HUB-LUC,27/11/2020 00:00,19062.6,Active,DRV-0477,,18-06-2024,15-04-2024,Owned
VEH-0700,Truck,UrbanCraft-892,15122.8,570.7,49,HUB-AHM,2019-12-17 00:00:00,148704.7,Maintenance,DRV-0523,,2025-05-24 00:00:00,11-09-2024,Owned
VEH-0701,Air Cargo,Tamira-929,35427.5,5597.0,682,HUB-BEN,13-06-2023,138874.0,Active,DRV-0544,,31-12-2024,31-10-2024,Leased
VEH-0702,Air Cargo,Aravind-832,41162.6,4043.7,683,HUB-BHU,11/05/2021 00:00,227430.7,Retired,DRV-0297,,2024-11-19 00:00:00,01-01-2025,3PL Partner
VEH-0703,Air Cargo,Tamira-231,44040.3,5553.4,676,HUB-CHA,23-06-2022,117034.0,Active,DRV-0783,,08-10-2024,16-12-2024,Leased
VEH-0704,Air Cargo,Aravind-887,30944.2,2969.4,674,HUB-VIS,2017-07-10 00:00:00,169255.7,Active,DRV-0887,,2024-01-25 00:00:00,03-05-2024,Owned
VEH-0705,Air Cargo,Nexon-759,30788.0,3718.2,685,HUB-GUW,16-01-2022,188561.5,under maintenance,DRV-0323,,2024-02-20 00:00:00,06-11-2025,3PL Partner
VEH-0706,Air Cargo,Zenith-265,10670.6,-5166.2,684,HUB-DEL,28/12/2019 00:00,191910.2,Maintenance,DRV-0143,,30-11-2024,24-10-2023,Leased
VEH-0707,Air Cargo,Meridian-495,16407.3,3064.1,674,HUB-GUR,21/04/2018 00:00,25192.4,Active,DRV-0354,,2024-11-01 00:00:00,26-09-2024,Leased
VEH-0708,Air Cargo,Vayu-394,25881.4,3528.4,677,HUB-DEL,2018-04-01 00:00:00,204817.9,active,DRV-0731,,2024-10-23 00:00:00,07-09-2025,Owned
VEH-0709,Air Cargo,Meridian-166,9924.4 kg,3262.5,685,HUB-JAI,14-02-2020,18393.1,under maintenance,DRV-0268,,09-03-2024,30-08-2024,Leased
VEH-0710,Air Cargo,Tamira-275,28012.3,1833.0,681,HUB-KOC,2022-11-30 00:00:00,120545.7,ACTIVE,DRV-0760,,20-04-2024,28-01-2025,Leased
VEH-0711,Air Cargo,Aravind-118,43580.2,5933.8,675,HUB-GUW,2021-12-27 00:00:00,250825.2,under maintenance,DRV-0482,,2025-06-27 00:00:00,08-01-2025,Owned
VEH-0712,Air Cargo,Aravind-904,26822.4 kg,5851.7,686,HUB-JAI,11/11/2021 00:00,230189.1,under maintenance,DRV-0538,,2025-01-13 00:00:00,05-11-2023,Owned
VEH-0713,Air Cargo,Meridian-273,36497.1,5834.9,676,HUB-MYS,11-08-2020,63885.9,Idle,DRV-0695,,2025-04-28 00:00:00,30-11-2023,Owned
VEH-0714,Air Cargo,Meridian-373,21728.4 kg,3584.6,677,HUB-GUR,2019-11-22 00:00:00,128711.6,In Service,DRV-0151,,2024-12-16 00:00:00,27-12-2023,Owned
VEH-0715,Air Cargo,UrbanCraft-304,33645.3 kg,3100.3,676,HUB-MAD,2022-10-11 00:00:00,161807.1,Active,DRV-0555,,2024-05-07 00:00:00,14-08-2025,3PL Partner
VEH-0716,Air Cargo,Nexon-318,13007.5 kg,1994.3,675,HUB-BHU,2023-02-02 00:00:00,142154.5,Retired,DRV-0862,,2024-01-16 00:00:00,10-01-2024,Owned
VEH-0717,Air Cargo,Nexon-705,17700.7 kg,4153.2,677,HUB-VIS,01/11/2023 00:00,N/A,Active,DRV-0031,,2024-08-18 00:00:00,17-01-2025,3PL Partner
VEH-0718,Air Cargo,Nexon-608,38975.3,5367.7,679,HUB-GUR,13/07/2020 00:00,66007.8,ACTIVE,DRV-0527,,09-03-2024,10-09-2025,Leased
VEH-0719,Air Cargo,Zenith-154,39298.9,5923.3,676,HUB-BEN,10/03/2018 00:00,149342.4,ACTIVE,DRV-0797,,07-06-2024,01-06-2024,Leased
VEH-0720,Air Cargo,Kaveri-862,14076.3,4781.7,686,HUB-HYD,24/04/2022 00:00,167803.9,Retired,DRV-0065,,2024-01-16 00:00:00,02-11-2024,Leased
VEH-0721,Air Cargo,Kaveri-330,14689.2 kg,2217.5,678,HUB-VIS,31/10/2019 00:00,40824.9,Maintenance,DRV-0368,,2024-07-21 00:00:00,01-06-2025,Owned
VEH-0722,Air Cargo,UrbanCraft-491,23117.5,3042.6,678,HUB-KOC,13-11-2019,229354.7,under maintenance,DRV-0314,,18-04-2025,07-10-2024,3PL Partner
VEH-0723,Ship,Tamira-549,842658.1,10480.8,37,HUB-CHE,28-08-2022,153459.8,ACTIVE,DRV-0682,,2024-02-25 00:00:00,31-12-2023,Leased
VEH-0724,Ship,Nexon-114,570157.7KG,8060.5,35,HUB-MAD,30-04-2023,149706.9,Retired,DRV-0445,,2024-02-03 00:00:00,04-02-2025,Owned
VEH-0725,Ship,Kaveri-583,138392.8,7863.3,41,HUB-GUR,24/07/2022 00:00,120832.4,Idle,DRV-0394,,2024-10-12 00:00:00,30-03-2024,Leased
VEH-0726,Ship,Kaveri-730,686657.9,11316.6,39,HUB-VIS,18/10/2022 00:00,76000.6,In Service,DRV-0189,,2025-02-24 00:00:00,19-10-2024,3PL Partner
VEH-0727,Ship,Meridian-936,522323.0,8324.2,37,HUB-KOL,05-10-2017,184348.5,under maintenance,DRV-0087,,18-11-2024,30-07-2025,Leased
VEH-0728,Ship,Zenith-904,694195.4 kg,12470.2,36,HUB-JAI,21-08-2020,158467.8,Idle,DRV-0391,,16-10-2024,18-11-2024,Owned
VEH-0729,Ship,UrbanCraft-237,211701.5 kg,8886.3,29,HUB-NAG,31/12/2019 00:00,126885.2,Idle,DRV-0737,,31-01-2025,02-04-2025,Leased
VEH-0730,Ship,Nexon-616,214966.8,12480.9,41,HUB-KOL,19-01-2023,122584.3,In Service,DRV-0602,,16-04-2024,19-09-2025,3PL Partner
VEH-0731,Ship,Meridian-494,114321.3,12658.5,32,HUB-DEL,2022-07-16 00:00:00,-,under maintenance,DRV-0508,,21-06-2025,30-06-2025,3PL Partner
VEH-0732,Ship,UrbanCraft-674,510728.9,3626.4,32,HUB-COI,2022-10-25 00:00:00,104328.2,Idle,DRV-0193,,04-02-2025,06-06-2024,Owned
VEH-0733,Ship,UrbanCraft-204,156976.1,13930.2,29,HUB-COI,04/11/2020 00:00,28135.4,ACTIVE,DRV-0261,,2024-06-30 00:00:00,01-06-2024,3PL Partner
VEH-0734,Ship,Meridian-549,301309.0,10538.7,33,HUB-JAI,24-08-2017,14506.5,ACTIVE,DRV-0660,,26-06-2025,20-08-2024,3PL Partner
VEH-0735,Ship,Kaveri-536,402773.3,8280.2,36,HUB-BHU,23-09-2021,112513.4,Maintenance,DRV-0419,,2024-10-28 00:00:00,01-10-2025,Leased
VEH-0736,ship,Zenith-651,747805.7,13551.4,33,HUB-KOL,14/09/2018 00:00,83792.2,Active,DRV-0489,,02-09-2024,09-05-2024,3PL Partner
VEH-0098,Drone,Kaveri-291,5.9,16.9,52,HUB-CHA,17-02-2019,195506.1,active,,6738.0,27-01-2025,03-04-2024,3PL Partner
VEH-0441,Van,Zenith-561,1188.9KG,169.8,41,HUB-AHM,2017-06-10 00:00:00,182778.4,Retired,DRV-0085,,15-04-2025,20-06-2025,Owned
VEH-0386,Bike,Zenith-578,20.2,65.4,34,HUB-BHU,2023-04-22 00:00:00,191048.4,ACTIVE,DRV-0374,,10-07-2024,18-01-2024,3PL Partner
VEH-0125,Drone,Nexon-430,3.7,29.9,49,HUB-GUW,2022-03-20 00:00:00,101916.8,ACTIVE,,6821.0,2025-01-30 00:00:00,06-05-2024,Owned
VEH-0145,Bike,Nexon-537,16.4,109.7,37,HUB-MUM,23/06/2019 00:00,192330.7,ACTIVE,DRV-0659,,10-02-2024,14-10-2023,Owned
VEH-0137,Drone,Zenith-396,5.6,10.8,52,HUB-KOC,04/04/2020 00:00,9852.1,ACTIVE,,4683.0,2025-05-06 00:00:00,09-11-2024,Leased
VEH-0438,Van,UrbanCraft-897,797.7KG,237.0,46,HUB-JAI,05-04-2021,39179.8,Active,DRV-0609,,2025-02-08 00:00:00,01-10-2025,Leased
VEH-0500,Van,Aravind-857,410.0,222.0,46,HUB-NAG,30-04-2020,63846.1,ACTIVE,DRV-0823,,2024-10-06 00:00:00,28-03-2025,Leased
VEH-0408,Van,Vayu-489,479.9,176.8,43,HUB-JAI,15/01/2020 00:00,168777.6,Idle,DRV-0294,,2024-06-18 00:00:00,27-09-2024,3PL Partner
VEH-0469,Van,Nexon-768,853.3,339.0,42,HUB-DEL,2017-07-24 00:00:00,64173.9,ACTIVE,DRV-0260,,30-06-2024,06-09-2024,Leased
VEH-0544,Van,UrbanCraft-441,821.2,180.3,45,HUB-KOL,06/06/2017 00:00,135012.9,Idle,DRV-0073,,07-01-2024,01-09-2024,Leased
VEH-0265,Bike,Nexon-142,29.1,91.0,34,HUB-KOL,11-04-2021,NA,Maintenance,DRV-0897,,22-04-2025,22-08-2024,Owned
VEH-0565,Van,UrbanCraft-565,422.0,210.9,49,HUB-CHA,22/05/2020 00:00,9557.1,under maintenance,DRV-0434,,16-05-2024,11-12-2023,Leased
VEH-0573,Van,Vayu-392,400.3,359.8,48,HUB-PUN,2019-08-08 00:00:00,88600.2,Maintenance,DRV-0079,,2024-07-17 00:00:00,09-10-2023,3PL Partner
VEH-0410,Van,Meridian-613,1005.3,388.7,51,HUB-GUW,09/06/2023 00:00,110071.8,In Service,DRV-0565,,2024-02-15 00:00:00,19-03-2025,Owned
VEH-0239,Bike,Tamira-606,33.1,85.8,35,HUB-BEN,08-12-2017,46160.9,under maintenance,DRV-0674,,04-07-2024,11-06-2024,Leased
VEH-0592,Truck,UrbanCraft-545,16855.5,805.9,46,HUB-MUM,2020-11-25 00:00:00,15283.2,under maintenance,DRV-0476,,27-06-2025,29-11-2023,Owned
VEH-0403,Van,UrbanCraft-203,576.5,290.7,50,HUB-GUW,21-08-2017,167568.8,Active,DRV-0740,,2025-03-04 00:00:00,03-12-2023,3PL Partner
VEH-0572,Van,Meridian-706,1125.2,293.6,46,HUB-KOC,07-10-2022,149573.3,active,DRV-0665,,2024-01-17 00:00:00,28-09-2024,Owned
VEH-0574,Van,Kaveri-691,831.2,357.3,44,HUB-MAD,13/09/2019 00:00,11114.3,under maintenance,DRV-0387,,2024-04-29 00:00:00,18-12-2023,Owned
VEH-0563,Van,Aravind-837,1059.6 kg,175.8,44,HUB-MYS,21/07/2017 00:00,119768.3,active,DRV-0077,,02-12-2024,06-06-2025,Owned
VEH-0601,Truck,Nexon-838,8439.3,1111.9,57,HUB-GUW,14-07-2020,79910.4,under maintenance,DRV-0024,,2024-02-13 00:00:00,31-05-2024,3PL Partner
VEH-0533,Van,UrbanCraft-200,463.8,188.6,40,HUB-PUN,2022-02-28 00:00:00,221616.9,Retired,DRV-0362,,29-02-2024,11-04-2025,3PL Partner
VEH-0462,Van,UrbanCraft-655,455.4,181.1,39,HUB-MYS,2021-07-04 00:00:00,147071.5,Active,DRV-0344,,2025-02-11 00:00:00,19-08-2025,3PL Partner
VEH-0387,Bike,Tamira-468,23.6,118.6,33,HUB-PUN,2020-11-02 00:00:00,34380.0,Idle,DRV-0802,,07-09-2024,22-02-2025,Leased
